Initial Win CP for (console input, console output, system): (CP850, CP850, CP1252)
I changed them all to CP1252
Rc files read (in order):
  NONE
Latexmk: This is Latexmk, John Collins, 9 March 2026. Version 4.88.
No existing .aux file, so I'll make a simple one, and require run of *latex.
Latexmk: applying rule 'pdflatex'...
Rule 'pdflatex':  Reasons for rerun
Category 'other':
  Rerun of 'pdflatex' forced or previously required:
    Reason or flag: 'Initial setup'

------------
Run number 1 of rule 'pdflatex'
------------
------------
Running 'pdflatex  -interaction=nonstopmode -recorder  "Main_submission_V2.tex"'
------------
This is pdfTeX, Version 3.141592653-2.6-1.40.29 (TeX Live 2026) (preloaded format=pdflatex)
 restricted \write18 enabled.
entering extended mode
(./Main_submission_V2.tex
LaTeX2e <2026-06-01>
L3 programming layer <2026-07-20>
(./JFM-FLM_Au.cls

LaTeX Warning: You have requested document class `JFM-FLM_Au',
               but the document class provides `jfm'.

Document Class: jfm 2006/11/13 v1.27 Journal of Fluid Mechanics document class
(c:/Users/shar_sp/AppData/Roaming/TinyTeX/texmf-dist/tex/latex/graphics/graphicx.sty (c:/Users/shar_sp/AppData/Roaming/TinyTeX/texmf-dist/tex/latex/graphics/keyval.sty) (c:/Users/shar_sp/AppData/Roaming/TinyTeX/texmf-dist/tex/latex/graphics/graphics.sty (c:/Users/shar_sp/AppData/Roaming/TinyTeX/texmf-dist/tex/latex/graphics/trig.sty) (c:/Users/shar_sp/AppData/Roaming/TinyTeX/texmf-dist/tex/latex/graphics-cfg/graphics.cfg) (c:/Users/shar_sp/AppData/Roaming/TinyTeX/texmf-dist/tex/latex/graphics-def/pdftex.def))) (c:/Users/shar_sp/AppData/Roaming/TinyTeX/texmf-dist/tex/latex/hyperref/hyperref.sty (c:/Users/shar_sp/AppData/Roaming/TinyTeX/texmf-dist/tex/generic/iftex/iftex.sty) (c:/Users/shar_sp/AppData/Roaming/TinyTeX/texmf-dist/tex/latex/kvsetkeys/kvsetkeys.sty) (c:/Users/shar_sp/AppData/Roaming/TinyTeX/texmf-dist/tex/generic/kvdefinekeys/kvdefinekeys.sty) (c:/Users/shar_sp/AppData/Roaming/TinyTeX/texmf-dist/tex/generic/pdfescape/pdfescape.sty (c:/Users/shar_sp/AppData/Roaming/TinyTeX/texmf-dist/tex/generic/ltxcmds/ltxcmds.sty) (c:/Users/shar_sp/AppData/Roaming/TinyTeX/texmf-dist/tex/generic/pdftexcmds/pdftexcmds.sty (c:/Users/shar_sp/AppData/Roaming/TinyTeX/texmf-dist/tex/generic/infwarerr/infwarerr.sty))) (c:/Users/shar_sp/AppData/Roaming/TinyTeX/texmf-dist/tex/latex/hycolor/hycolor.sty) (c:/Users/shar_sp/AppData/Roaming/TinyTeX/texmf-dist/tex/latex/hyperref/nameref.sty (c:/Users/shar_sp/AppData/Roaming/TinyTeX/texmf-dist/tex/latex/refcount/refcount.sty) (c:/Users/shar_sp/AppData/Roaming/TinyTeX/texmf-dist/tex/generic/gettitlestring/gettitlestring.sty (c:/Users/shar_sp/AppData/Roaming/TinyTeX/texmf-dist/tex/latex/kvoptions/kvoptions.sty))) (c:/Users/shar_sp/AppData/Roaming/TinyTeX/texmf-dist/tex/latex/etoolbox/etoolbox.sty) (c:/Users/shar_sp/AppData/Roaming/TinyTeX/texmf-dist/tex/generic/stringenc/stringenc.sty) (c:/Users/shar_sp/AppData/Roaming/TinyTeX/texmf-dist/tex/latex/hyperref/pd1enc.def) (c:/Users/shar_sp/AppData/Roaming/TinyTeX/texmf-dist/tex/generic/intcalc/intcalc.sty) (c:/Users/shar_sp/AppData/Roaming/TinyTeX/texmf-dist/tex/latex/hyperref/puenc.def) (c:/Users/shar_sp/AppData/Roaming/TinyTeX/texmf-dist/tex/latex/url/url.sty) (c:/Users/shar_sp/AppData/Roaming/TinyTeX/texmf-dist/tex/generic/bitset/bitset.sty (c:/Users/shar_sp/AppData/Roaming/TinyTeX/texmf-dist/tex/generic/bigintcalc/bigintcalc.sty))

Package hyperref Warning: Option `pdfpagelabels' is turned off
(hyperref)                because \thepage is undefined.

) (c:/Users/shar_sp/AppData/Roaming/TinyTeX/texmf-dist/tex/latex/hyperref/hpdftex.def (c:/Users/shar_sp/AppData/Roaming/TinyTeX/texmf-dist/tex/latex/rerunfilecheck/rerunfilecheck.sty (c:/Users/shar_sp/AppData/Roaming/TinyTeX/texmf-dist/tex/generic/uniquecounter/uniquecounter.sty))) (c:/Users/shar_sp/AppData/Roaming/TinyTeX/texmf-dist/tex/latex/bookmark/bookmark.sty (c:/Users/shar_sp/AppData/Roaming/TinyTeX/texmf-dist/tex/latex/l3backend/l3backend-pdftex.def) (c:/Users/shar_sp/AppData/Roaming/TinyTeX/texmf-dist/tex/latex/bookmark/bkm-pdftex.def)) (c:/Users/shar_sp/AppData/Roaming/TinyTeX/texmf-dist/tex/latex/breakurl/breakurl.sty (c:/Users/shar_sp/AppData/Roaming/TinyTeX/texmf-dist/tex/latex/xkeyval/xkeyval.sty (c:/Users/shar_sp/AppData/Roaming/TinyTeX/texmf-dist/tex/generic/xkeyval/xkeyval.tex (c:/Users/shar_sp/AppData/Roaming/TinyTeX/texmf-dist/tex/generic/xkeyval/xkvutils.tex))) (c:/Users/shar_sp/AppData/Roaming/TinyTeX/texmf-dist/tex/generic/iftex/ifpdf.sty)

Package breakurl Warning: You are using breakurl while processing via pdflatex.
(breakurl)                \burl will be just a synonym of \url.
(breakurl)                 on input line 48.

) (c:/Users/shar_sp/AppData/Roaming/TinyTeX/texmf-dist/tex/latex/booktabs/booktabs.sty) (c:/Users/shar_sp/AppData/Roaming/TinyTeX/texmf-dist/tex/latex/colortbl/colortbl.sty (c:/Users/shar_sp/AppData/Roaming/TinyTeX/texmf-dist/tex/latex/tools/array.sty) (c:/Users/shar_sp/AppData/Roaming/TinyTeX/texmf-dist/tex/latex/graphics/color.sty (c:/Users/shar_sp/AppData/Roaming/TinyTeX/texmf-dist/tex/latex/graphics-cfg/color.cfg) (c:/Users/shar_sp/AppData/Roaming/TinyTeX/texmf-dist/tex/latex/graphics/mathcolor.ltx))
new hooks used!!
) (c:/Users/shar_sp/AppData/Roaming/TinyTeX/texmf-dist/tex/latex/algorithm2e/algorithm2e.sty (c:/Users/shar_sp/AppData/Roaming/TinyTeX/texmf-dist/tex/latex/base/ifthen.sty) (c:/Users/shar_sp/AppData/Roaming/TinyTeX/texmf-dist/tex/latex/ifoddpage/ifoddpage.sty) (c:/Users/shar_sp/AppData/Roaming/TinyTeX/texmf-dist/tex/latex/tools/xspace.sty) (c:/Users/shar_sp/AppData/Roaming/TinyTeX/texmf-dist/tex/latex/relsize/relsize.sty

Package relsize Warning: Failed to get list of defined font sizes.
(relsize)                Size scaling will attempt arbitrary sizes..

)) (c:/Users/shar_sp/AppData/Roaming/TinyTeX/texmf-dist/tex/latex/tools/calc.sty) (c:/Users/shar_sp/AppData/Roaming/TinyTeX/texmf-dist/tex/generic/soul/soul.sty (c:/Users/shar_sp/AppData/Roaming/TinyTeX/texmf-dist/tex/generic/soul/soul-ori.sty) (c:/Users/shar_sp/AppData/Roaming/TinyTeX/texmf-dist/tex/generic/etexcmds/etexcmds.sty)) (c:/Users/shar_sp/AppData/Roaming/TinyTeX/texmf-dist/tex/latex/epstopdf-pkg/epstopdf.sty (c:/Users/shar_sp/AppData/Roaming/TinyTeX/texmf-dist/tex/latex/grfext/grfext.sty) (c:/Users/shar_sp/AppData/Roaming/TinyTeX/texmf-dist/tex/latex/epstopdf-pkg/epstopdf-base.sty (c:/Users/shar_sp/AppData/Roaming/TinyTeX/texmf-dist/tex/latex/latexconfig/epstopdf-sys.cfg)))

LaTeX Warning: Command `\theenumv' already defined -- not changed on input line 985.


LaTeX Warning: Command `\theenumvi' already defined -- not changed on input line 986.


LaTeX Warning: Command `\theenumvii' already defined -- not changed on input line 987.


LaTeX Warning: Command `\theenumviii' already defined -- not changed on input line 988.


LaTeX Warning: Command `\theenumix' already defined -- not changed on input line 989.


LaTeX Warning: Command `\theenumx' already defined -- not changed on input line 990.

(c:/Users/shar_sp/AppData/Roaming/TinyTeX/texmf-dist/tex/latex/caption/caption.sty (c:/Users/shar_sp/AppData/Roaming/TinyTeX/texmf-dist/tex/latex/caption/caption3.sty)

Package caption Warning: Unknown document class (or package),
(caption)                standard defaults will be used.
See the caption package documentation for explanation.

)

Found the 'amsbsy' package on the system, using it.

(c:/Users/shar_sp/AppData/Roaming/TinyTeX/texmf-dist/tex/latex/amsmath/amsbsy.sty (c:/Users/shar_sp/AppData/Roaming/TinyTeX/texmf-dist/tex/latex/amsmath/amsgen.sty))

Found AMS Euler Roman fonts on the system, but you dont seem to have the
'upmath' package installed. JFM.cls can take advantage of these fonts,
if you use 'upmath' package.



Found AMS Symbol fonts on the system, using the 'amssymb' package.

(c:/Users/shar_sp/AppData/Roaming/TinyTeX/texmf-dist/tex/latex/amsfonts/amssymb.sty (c:/Users/shar_sp/AppData/Roaming/TinyTeX/texmf-dist/tex/latex/amsfonts/amsfonts.sty)) (c:/Users/shar_sp/AppData/Roaming/TinyTeX/texmf-dist/tex/latex/newtx/newtxtext.sty `newtxtext' v1.744, 2024/04/01 Text macros taking advantage of TeXGyre Termes and its extensions (msharpe) (c:/Users/shar_sp/AppData/Roaming/TinyTeX/texmf-dist/tex/latex/xpatch/xpatch.sty (c:/Users/shar_sp/AppData/Roaming/TinyTeX/texmf-dist/tex/latex/l3kernel/expl3.sty) (c:/Users/shar_sp/AppData/Roaming/TinyTeX/texmf-dist/tex/latex/l3packages/xparse/xparse.sty)) (c:/Users/shar_sp/AppData/Roaming/TinyTeX/texmf-dist/tex/latex/xcolor/xcolor.sty (c:/Users/shar_sp/AppData/Roaming/TinyTeX/texmf-dist/tex/latex/graphics-cfg/color.cfg) (c:/Users/shar_sp/AppData/Roaming/TinyTeX/texmf-dist/tex/latex/graphics/mathcolor.ltx)) (c:/Users/shar_sp/AppData/Roaming/TinyTeX/texmf-dist/tex/latex/base/textcomp.sty) (c:/Users/shar_sp/AppData/Roaming/TinyTeX/texmf-dist/tex/generic/xstring/xstring.sty (c:/Users/shar_sp/AppData/Roaming/TinyTeX/texmf-dist/tex/generic/xstring/xstring.tex)) (c:/Users/shar_sp/AppData/Roaming/TinyTeX/texmf-dist/tex/latex/carlisle/scalefnt.sty) (c:/Users/shar_sp/AppData/Roaming/TinyTeX/texmf-dist/tex/generic/kastrup/binhex.tex) (c:/Users/shar_sp/AppData/Roaming/TinyTeX/texmf-dist/tex/latex/fontaxes/fontaxes.sty (c:/Users/shar_sp/AppData/Roaming/TinyTeX/texmf-dist/tex/latex/figureversions/figureversions.sty))) (c:/Users/shar_sp/AppData/Roaming/TinyTeX/texmf-dist/tex/latex/newtx/newtxmath.sty `newtxmath' v1.754, 2024/09/22 Math macros based originally on txfonts (msharpe) (c:/Users/shar_sp/AppData/Roaming/TinyTeX/texmf-dist/tex/latex/amsmath/amsmath.sty
For additional information on amsmath, use the `?' option.
(c:/Users/shar_sp/AppData/Roaming/TinyTeX/texmf-dist/tex/latex/amsmath/amstext.sty) (c:/Users/shar_sp/AppData/Roaming/TinyTeX/texmf-dist/tex/latex/amsmath/amsopn.sty)) (c:/Users/shar_sp/AppData/Roaming/TinyTeX/texmf-dist/tex/latex/oberdiek/centernot.sty) (c:/Users/shar_sp/AppData/Roaming/TinyTeX/texmf-dist/tex/generic/kastrup/binhex.tex)
amsthm NOT loaded
) (c:/Users/shar_sp/AppData/Roaming/TinyTeX/texmf-dist/tex/latex/natbib/natbib.sty)) (c:/Users/shar_sp/AppData/Roaming/TinyTeX/texmf-dist/tex/latex/pgf/frontendlayer/tikz.sty (c:/Users/shar_sp/AppData/Roaming/TinyTeX/texmf-dist/tex/latex/pgf/basiclayer/pgf.sty (c:/Users/shar_sp/AppData/Roaming/TinyTeX/texmf-dist/tex/latex/pgf/utilities/pgfrcs.sty (c:/Users/shar_sp/AppData/Roaming/TinyTeX/texmf-dist/tex/generic/pgf/utilities/pgfutil-common.tex) (c:/Users/shar_sp/AppData/Roaming/TinyTeX/texmf-dist/tex/generic/pgf/utilities/pgfutil-latex.def) (c:/Users/shar_sp/AppData/Roaming/TinyTeX/texmf-dist/tex/generic/pgf/utilities/pgfrcs.code.tex (c:/Users/shar_sp/AppData/Roaming/TinyTeX/texmf-dist/tex/generic/pgf/pgf.revision.tex))) (c:/Users/shar_sp/AppData/Roaming/TinyTeX/texmf-dist/tex/latex/pgf/basiclayer/pgfcore.sty (c:/Users/shar_sp/AppData/Roaming/TinyTeX/texmf-dist/tex/latex/pgf/systemlayer/pgfsys.sty (c:/Users/shar_sp/AppData/Roaming/TinyTeX/texmf-dist/tex/generic/pgf/systemlayer/pgfsys.code.tex (c:/Users/shar_sp/AppData/Roaming/TinyTeX/texmf-dist/tex/generic/pgf/utilities/pgfkeys.code.tex (c:/Users/shar_sp/AppData/Roaming/TinyTeX/texmf-dist/tex/generic/pgf/utilities/pgfkeyslibraryfiltered.code.tex)) (c:/Users/shar_sp/AppData/Roaming/TinyTeX/texmf-dist/tex/generic/pgf/systemlayer/pgf.cfg) (c:/Users/shar_sp/AppData/Roaming/TinyTeX/texmf-dist/tex/generic/pgf/systemlayer/pgfsys-pdftex.def (c:/Users/shar_sp/AppData/Roaming/TinyTeX/texmf-dist/tex/generic/pgf/systemlayer/pgfsys-common-pdf.def))) (c:/Users/shar_sp/AppData/Roaming/TinyTeX/texmf-dist/tex/generic/pgf/systemlayer/pgfsyssoftpath.code.tex) (c:/Users/shar_sp/AppData/Roaming/TinyTeX/texmf-dist/tex/generic/pgf/systemlayer/pgfsysprotocol.code.tex)) (c:/Users/shar_sp/AppData/Roaming/TinyTeX/texmf-dist/tex/generic/pgf/basiclayer/pgfcore.code.tex (c:/Users/shar_sp/AppData/Roaming/TinyTeX/texmf-dist/tex/generic/pgf/math/pgfmath.code.tex (c:/Users/shar_sp/AppData/Roaming/TinyTeX/texmf-dist/tex/generic/pgf/math/pgfmathutil.code.tex) (c:/Users/shar_sp/AppData/Roaming/TinyTeX/texmf-dist/tex/generic/pgf/math/pgfmathparser.code.tex) (c:/Users/shar_sp/AppData/Roaming/TinyTeX/texmf-dist/tex/generic/pgf/math/pgfmathfunctions.code.tex) (c:/Users/shar_sp/AppData/Roaming/TinyTeX/texmf-dist/tex/generic/pgf/math/pgfmathfunctions.basic.code.tex) (c:/Users/shar_sp/AppData/Roaming/TinyTeX/texmf-dist/tex/generic/pgf/math/pgfmathfunctions.trigonometric.code.tex) (c:/Users/shar_sp/AppData/Roaming/TinyTeX/texmf-dist/tex/generic/pgf/math/pgfmathfunctions.random.code.tex) (c:/Users/shar_sp/AppData/Roaming/TinyTeX/texmf-dist/tex/generic/pgf/math/pgfmathfunctions.comparison.code.tex) (c:/Users/shar_sp/AppData/Roaming/TinyTeX/texmf-dist/tex/generic/pgf/math/pgfmathfunctions.base.code.tex) (c:/Users/shar_sp/AppData/Roaming/TinyTeX/texmf-dist/tex/generic/pgf/math/pgfmathfunctions.round.code.tex) (c:/Users/shar_sp/AppData/Roaming/TinyTeX/texmf-dist/tex/generic/pgf/math/pgfmathfunctions.misc.code.tex) (c:/Users/shar_sp/AppData/Roaming/TinyTeX/texmf-dist/tex/generic/pgf/math/pgfmathfunctions.integerarithmetics.code.tex) (c:/Users/shar_sp/AppData/Roaming/TinyTeX/texmf-dist/tex/generic/pgf/math/pgfmathcalc.code.tex) (c:/Users/shar_sp/AppData/Roaming/TinyTeX/texmf-dist/tex/generic/pgf/math/pgfmathfloat.code.tex)) (c:/Users/shar_sp/AppData/Roaming/TinyTeX/texmf-dist/tex/generic/pgf/math/pgfint.code.tex) (c:/Users/shar_sp/AppData/Roaming/TinyTeX/texmf-dist/tex/generic/pgf/basiclayer/pgfcorepoints.code.tex) (c:/Users/shar_sp/AppData/Roaming/TinyTeX/texmf-dist/tex/generic/pgf/basiclayer/pgfcorepathconstruct.code.tex) (c:/Users/shar_sp/AppData/Roaming/TinyTeX/texmf-dist/tex/generic/pgf/basiclayer/pgfcorepathusage.code.tex) (c:/Users/shar_sp/AppData/Roaming/TinyTeX/texmf-dist/tex/generic/pgf/basiclayer/pgfcorescopes.code.tex) (c:/Users/shar_sp/AppData/Roaming/TinyTeX/texmf-dist/tex/generic/pgf/basiclayer/pgfcoregraphicstate.code.tex) (c:/Users/shar_sp/AppData/Roaming/TinyTeX/texmf-dist/tex/generic/pgf/basiclayer/pgfcoretransformations.code.tex) (c:/Users/shar_sp/AppData/Roaming/TinyTeX/texmf-dist/tex/generic/pgf/basiclayer/pgfcorequick.code.tex) (c:/Users/shar_sp/AppData/Roaming/TinyTeX/texmf-dist/tex/generic/pgf/basiclayer/pgfcoreobjects.code.tex) (c:/Users/shar_sp/AppData/Roaming/TinyTeX/texmf-dist/tex/generic/pgf/basiclayer/pgfcorepathprocessing.code.tex) (c:/Users/shar_sp/AppData/Roaming/TinyTeX/texmf-dist/tex/generic/pgf/basiclayer/pgfcorearrows.code.tex) (c:/Users/shar_sp/AppData/Roaming/TinyTeX/texmf-dist/tex/generic/pgf/basiclayer/pgfcoreshade.code.tex) (c:/Users/shar_sp/AppData/Roaming/TinyTeX/texmf-dist/tex/generic/pgf/basiclayer/pgfcoreimage.code.tex) (c:/Users/shar_sp/AppData/Roaming/TinyTeX/texmf-dist/tex/generic/pgf/basiclayer/pgfcoreexternal.code.tex) (c:/Users/shar_sp/AppData/Roaming/TinyTeX/texmf-dist/tex/generic/pgf/basiclayer/pgfcorelayers.code.tex) (c:/Users/shar_sp/AppData/Roaming/TinyTeX/texmf-dist/tex/generic/pgf/basiclayer/pgfcoretransparency.code.tex) (c:/Users/shar_sp/AppData/Roaming/TinyTeX/texmf-dist/tex/generic/pgf/basiclayer/pgfcorepatterns.code.tex) (c:/Users/shar_sp/AppData/Roaming/TinyTeX/texmf-dist/tex/generic/pgf/basiclayer/pgfcorerdf.code.tex))) (c:/Users/shar_sp/AppData/Roaming/TinyTeX/texmf-dist/tex/generic/pgf/modules/pgfmoduleshapes.code.tex) (c:/Users/shar_sp/AppData/Roaming/TinyTeX/texmf-dist/tex/generic/pgf/modules/pgfmoduleplot.code.tex) (c:/Users/shar_sp/AppData/Roaming/TinyTeX/texmf-dist/tex/latex/pgf/compatibility/pgfcomp-version-0-65.sty) (c:/Users/shar_sp/AppData/Roaming/TinyTeX/texmf-dist/tex/latex/pgf/compatibility/pgfcomp-version-1-18.sty)) (c:/Users/shar_sp/AppData/Roaming/TinyTeX/texmf-dist/tex/latex/pgf/utilities/pgffor.sty (c:/Users/shar_sp/AppData/Roaming/TinyTeX/texmf-dist/tex/latex/pgf/utilities/pgfkeys.sty (c:/Users/shar_sp/AppData/Roaming/TinyTeX/texmf-dist/tex/generic/pgf/utilities/pgfkeys.code.tex)) (c:/Users/shar_sp/AppData/Roaming/TinyTeX/texmf-dist/tex/latex/pgf/math/pgfmath.sty (c:/Users/shar_sp/AppData/Roaming/TinyTeX/texmf-dist/tex/generic/pgf/math/pgfmath.code.tex)) (c:/Users/shar_sp/AppData/Roaming/TinyTeX/texmf-dist/tex/generic/pgf/utilities/pgffor.code.tex)) (c:/Users/shar_sp/AppData/Roaming/TinyTeX/texmf-dist/tex/generic/pgf/frontendlayer/tikz/tikz.code.tex (c:/Users/shar_sp/AppData/Roaming/TinyTeX/texmf-dist/tex/generic/pgf/libraries/pgflibraryplothandlers.code.tex) (c:/Users/shar_sp/AppData/Roaming/TinyTeX/texmf-dist/tex/generic/pgf/modules/pgfmodulematrix.code.tex) (c:/Users/shar_sp/AppData/Roaming/TinyTeX/texmf-dist/tex/generic/pgf/frontendlayer/tikz/libraries/tikzlibrarytopaths.code.tex))) (c:/Users/shar_sp/AppData/Roaming/TinyTeX/texmf-dist/tex/generic/pgf/frontendlayer/tikz/libraries/tikzlibrarycalc.code.tex) (c:/Users/shar_sp/AppData/Roaming/TinyTeX/texmf-dist/tex/generic/pgf/libraries/pgflibraryarrows.meta.code.tex) (c:/Users/shar_sp/AppData/Roaming/TinyTeX/texmf-dist/tex/latex/caption/subcaption.sty) (c:/Users/shar_sp/AppData/Roaming/TinyTeX/texmf-dist/tex/latex/newtx/ot1ntxtlf.fd) (./Main_submission_V2.aux) (c:/Users/shar_sp/AppData/Roaming/TinyTeX/texmf-dist/tex/latex/newtx/omlntxmi.fd) (c:/Users/shar_sp/AppData/Roaming/TinyTeX/texmf-dist/tex/latex/newtx/untxexa.fd) (c:/Users/shar_sp/AppData/Roaming/TinyTeX/texmf-dist/tex/latex/newtx/lmsntxsy.fd) (c:/Users/shar_sp/AppData/Roaming/TinyTeX/texmf-dist/tex/latex/newtx/lmxntxexx.fd) (c:/Users/shar_sp/AppData/Roaming/TinyTeX/texmf-dist/tex/context/base/mkii/supp-pdf.mkii
[Loading MPS to PDF converter (version 2006.09.02).]
)

Package hyperref Warning: Height of page (\paperheight) is invalid (0.0pt),
(hyperref)                using 11in.

(./lineno-FLM.sty (c:/Users/shar_sp/AppData/Roaming/TinyTeX/texmf-dist/tex/latex/lineno/lineno.sty)) (c:/Users/shar_sp/AppData/Roaming/TinyTeX/texmf-dist/tex/latex/newtx/ot1minntx.fd) (c:/Users/shar_sp/AppData/Roaming/TinyTeX/texmf-dist/tex/latex/amsfonts/umsa.fd) (c:/Users/shar_sp/AppData/Roaming/TinyTeX/texmf-dist/tex/latex/amsfonts/umsb.fd) (c:/Users/shar_sp/AppData/Roaming/TinyTeX/texmf-dist/tex/latex/newtx/untxmia.fd) (c:/Users/shar_sp/AppData/Roaming/TinyTeX/texmf-dist/tex/latex/newtx/untxsym.fd) (c:/Users/shar_sp/AppData/Roaming/TinyTeX/texmf-dist/tex/latex/newtx/untxsyc.fd)

Package natbib Warning: Citation `BatchelorProudman1954' on page 1 undefined on input line 98.


Package natbib Warning: Citation `TownsendBook' on page 1 undefined on input line 98.


Package natbib Warning: Citation `Hunt1973' on page 1 undefined on input line 99.


Package natbib Warning: Citation `Goldstein1978' on page 1 undefined on input line 99.


Package natbib Warning: Citation `MillsCorrsin1959' on page 1 undefined on input line 102.


Package natbib Warning: Citation `TuckerReynolds1968' on page 1 undefined on input line 102.


Package natbib Warning: Citation `LeeReynolds1985' on page 1 undefined on input line 102.


Package natbib Warning: Citation `Ribner1953' on page 1 undefined on input line 104.


Package natbib Warning: Citation `HuntCarruthers1990' on page 1 undefined on input line 105.


Package natbib Warning: Citation `Britter1981' on page 1 undefined on input line 105.


Package natbib Warning: Citation `HuntGraham1978' on page 1 undefined on input line 107.


Package natbib Warning: Citation `GoldsteinAtassi1976' on page 1 undefined on input line 107.


Underfull \vbox (badness 10000) has occurred while \output is active
Underfull \vbox (badness 10000) has occurred while \output is active
Underfull \hbox (badness 10000) has occurred while \output is active


Overfull \hbox (1.0pt too wide) has occurred while \output is active
[]

Overfull \vbox (34.02812pt too high) has occurred while \output is active

Package xcolor Warning: Incompatible color definition on input line 111.

[1{c:/Users/shar_sp/AppData/Roaming/TinyTeX/texmf-var/fonts/map/pdftex/updmap/pdftex.map}{c:/Users/shar_sp/AppData/Roaming/TinyTeX/texmf-dist/fonts/enc/dvips/newtx/ntx-ot1-tlf.enc}
Non-PDF special ignored!
<special> papersize=174mm,247mm
]

Package natbib Warning: Citation `LeeReynolds1985' on page 2 undefined on input line 114.


Package natbib Warning: Citation `HuntCarruthers1990' on page 2 undefined on input line 118.


Package natbib Warning: Citation `Sagaut2008' on page 2 undefined on input line 118.


Package natbib Warning: Citation `LaunderReeceRodi1975' on page 2 undefined on input line 125.


Package natbib Warning: Citation `Pope2000' on page 2 undefined on input line 125.


Package natbib Warning: Citation `Amiet1975' on page 2 undefined on input line 139.


Package natbib Warning: Citation `Sears1941' on page 2 undefined on input line 140.


Package natbib Warning: Citation `Curle1955' on page 2 undefined on input line 141.


Package natbib Warning: Citation `FfowcsWilliams1969' on page 2 undefined on input line 142.


Package natbib Warning: Citation `PatersonAmiet1977' on page 2 undefined on input line 146.


Package natbib Warning: Citation `RogerMoreau2010' on page 2 undefined on input line 146.


Package natbib Warning: Citation `vonKarman1948' on page 2 undefined on input line 149.


Package natbib Warning: Citation `HuntGraham1978' on page 2 undefined on input line 155.


Underfull \vbox (badness 10000) has occurred while \output is active
Underfull \vbox (badness 10000) has occurred while \output is active
Overfull \hbox (1.61096pt too wide) has occurred while \output is active
[] 
[2]

Package natbib Warning: Citation `KimHaeri2015' on page 3 undefined on input line 168.


Package natbib Warning: Citation `Kerstein1991' on page 3 undefined on input line 171.


Package natbib Warning: Citation `Kerstein1999' on page 3 undefined on input line 172.


Package natbib Warning: Citation `Kerstein1999' on page 3 undefined on input line 178.


Package natbib Warning: Citation `Kerstein1991' on page 3 undefined on input line 183.


Package natbib Warning: Citation `Kerstein2001' on page 3 undefined on input line 184.


Package natbib Warning: Citation `WunschKerstein2001' on page 3 undefined on input line 186.


Package natbib Warning: Citation `Kerstein2001' on page 3 undefined on input line 186.


Package natbib Warning: Citation `AshurstKerstein2005' on page 3 undefined on input line 188.


Package natbib Warning: Citation `Lignell2013' on page 3 undefined on input line 189.


Package natbib Warning: Citation `StephensLignell2021' on page 3 undefined on input line 189.


Package natbib Warning: Citation `Lignell2018' on page 3 undefined on input line 190.


Package natbib Warning: Citation `SchmidtKerstein2010' on page 3 undefined on input line 192.


Package natbib Warning: Citation `SharmaKleinSchmidt2022' on page 3 undefined on input line 196.


Package natbib Warning: Citation `MedinaMendez2023' on page 3 undefined on input line 196.


Underfull \vbox (badness 10000) has occurred while \output is active
Underfull \vbox (badness 10000) has occurred while \output is active [3]

Package natbib Warning: Citation `Pope2000' on page 4 undefined on input line 221.


LaTeX Warning: Reference `sec:odt' on page 4 undefined on input line 249.


LaTeX Warning: Reference `sec:formulation' on page 4 undefined on input line 251.


LaTeX Warning: Reference `sec:validation' on page 4 undefined on input line 254.


Package natbib Warning: Citation `ChenMeneveauKatz2006' on page 4 undefined on input line 258.


Package natbib Warning: Citation `LeeReynolds1985' on page 4 undefined on input line 259.


LaTeX Warning: Reference `sec:gate' on page 4 undefined on input line 259.


LaTeX Warning: Reference `sec:conclusions' on page 4 undefined on input line 262.

(c:/Users/shar_sp/AppData/Roaming/TinyTeX/texmf-dist/tex/latex/newtx/ts1ntxtlf.fd)

LaTeX Warning: Reference `sec:formulation' on page 4 undefined on input line 276.


LaTeX Warning: Reference `sec:odt-standard' on page 4 undefined on input line 276.


LaTeX Warning: Reference `sec:rapid-slow' on page 4 undefined on input line 278.


Package natbib Warning: Citation `Kerstein1999' on page 4 undefined on input line 282.


Package natbib Warning: Citation `Kerstein2001' on page 4 undefined on input line 282.


Package natbib Warning: Citation `Pope2000' on page 4 undefined on input line 283.


LaTeX Warning: Reference `sec:formulation' on page 4 undefined on input line 283.


LaTeX Warning: Reference `sec:rapid-slow' on page 4 undefined on input line 284.


Package xcolor Warning: Incompatible color definition on input line 286.

[4{c:/Users/shar_sp/AppData/Roaming/TinyTeX/texmf-dist/fonts/enc/dvips/tex-gyre/q-ts1.enc}]

Package natbib Warning: Citation `Kerstein2001' on page 5 undefined on input line 291.


Package natbib Warning: Citation `AshurstKerstein2005' on page 5 undefined on input line 309.


Package natbib Warning: Citation `Kerstein1991' on page 5 undefined on input line 323.


Package natbib Warning: Citation `Kerstein1999' on page 5 undefined on input line 323.


Package natbib Warning: Citation `Kerstein2001' on page 5 undefined on input line 343.


LaTeX Warning: Reference `sec:formulation' on page 5 undefined on input line 345.


LaTeX Warning: Reference `eq:event' on page 5 undefined on input line 347.

[5]

LaTeX Warning: Reference `eq:event' on page 6 undefined on input line 367.


Package natbib Warning: Citation `Kerstein1999' on page 6 undefined on input line 370.


Package natbib Warning: Citation `WunschKerstein2001' on page 6 undefined on input line 371.


Package natbib Warning: Citation `Kerstein2001' on page 6 undefined on input line 371.


LaTeX Warning: Reference `eq:kernel-identities' on page 6 undefined on input line 372.

(c:/Users/shar_sp/AppData/Roaming/TinyTeX/texmf-dist/tex/latex/tex-gyre/ot1qhv.fd)

Package natbib Warning: Citation `Kerstein2001' on page 6 undefined on input line 400.


LaTeX Warning: Reference `eq:dEi' on page 6 undefined on input line 400.


LaTeX Warning: Reference `eq:redistribution' on page 6 undefined on input line 401.


LaTeX Warning: Reference `eq:redistribution' on page 6 undefined on input line 410.


LaTeX Warning: Reference `eq:ci' on page 6 undefined on input line 410.


LaTeX Warning: Reference `sec:rapid-slow' on page 6 undefined on input line 412.


LaTeX Warning: Reference `eq:timescale' on page 6 undefined on input line 434.


LaTeX Warning: Reference `eq:rate' on page 6 undefined on input line 436.


Package natbib Warning: Citation `Kerstein1999' on page 6 undefined on input line 437.


Package natbib Warning: Citation `StephensLignell2021' on page 6 undefined on input line 439.


Package natbib Warning: Citation `Kerstein1999' on page 6 undefined on input line 445.


Package natbib Warning: Citation `Kerstein2001' on page 6 undefined on input line 449.


LaTeX Warning: Reference `sec:formulation' on page 6 undefined on input line 456.


LaTeX Warning: Reference `sec:validation' on page 6 undefined on input line 457.


Overfull \hbox (1.61096pt too wide) has occurred while \output is active
[] 
[6{c:/Users/shar_sp/AppData/Roaming/TinyTeX/texmf-dist/fonts/enc/dvips/tex-gyre/q-rm.enc}]

Package natbib Warning: Citation `Pope2000' on page 7 undefined on input line 497.


LaTeX Warning: Reference `eq:redistribution' on page 7 undefined on input line 502.


LaTeX Warning: Reference `eq:ci' on page 7 undefined on input line 502.


Package natbib Warning: Citation `Pope2000' on page 7 undefined on input line 509.


Package natbib Warning: Citation `BatchelorProudman1954' on page 7 undefined on input line 515.


Package natbib Warning: Citation `Hunt1973' on page 7 undefined on input line 515.


Package natbib Warning: Citation `HuntCarruthers1990' on page 7 undefined on input line 515.


LaTeX Warning: Reference `eq:rdt' on page 7 undefined on input line 530.


LaTeX Warning: Reference `eq:rdt' on page 7 undefined on input line 532.

[7]

LaTeX Warning: Reference `eq:rdt' on page 8 undefined on input line 542.


LaTeX Warning: Reference `eq:rdt' on page 8 undefined on input line 546.


LaTeX Warning: Reference `eq:rdt' on page 8 undefined on input line 551.


LaTeX Warning: Reference `sec:formulation' on page 8 undefined on input line 552.


LaTeX Warning: Reference `eq:redistribution' on page 8 undefined on input line 555.


LaTeX Warning: Reference `eq:ci' on page 8 undefined on input line 555.


LaTeX Warning: Reference `eq:rdt' on page 8 undefined on input line 557.


LaTeX Warning: Reference `eq:rdt' on page 8 undefined on input line 564.


LaTeX Warning: Reference `sec:rapid-slow' on page 8 undefined on input line 570.


LaTeX Warning: Reference `sec:strain-forcing' on page 8 undefined on input line 576.


LaTeX Warning: Reference `sec:rapid-kernel' on page 8 undefined on input line 580.


LaTeX Warning: Reference `sec:domain-strain' on page 8 undefined on input line 582.


LaTeX Warning: Reference `sec:summary' on page 8 undefined on input line 584.


LaTeX Warning: Reference `sec:validation' on page 8 undefined on input line 597.


LaTeX Warning: Reference `eq:diffusion' on page 8 undefined on input line 607.


LaTeX Warning: Reference `sec:rapid-kernel' on page 8 undefined on input line 614.


LaTeX Warning: Reference `eq:event' on page 8 undefined on input line 616.


LaTeX Warning: Reference `eq:ci' on page 8 undefined on input line 616.


LaTeX Warning: Reference `eq:cont-evolution' on page 8 undefined on input line 618.


LaTeX Warning: Reference `eq:rate' on page 8 undefined on input line 619.


Overfull \hbox (1.61096pt too wide) has occurred while \output is active
[] 
[8]

LaTeX Warning: Reference `eq:cont-evolution' on page 9 undefined on input line 626.


LaTeX Warning: Reference `eq:kernel-identities' on page 9 undefined on input line 629.


LaTeX Warning: Reference `eq:triplet' on page 9 undefined on input line 634.


LaTeX Warning: Reference `eq:kernel' on page 9 undefined on input line 634.


LaTeX Warning: Reference `eq:cont-evolution' on page 9 undefined on input line 635.


LaTeX Warning: Reference `eq:cont-evolution' on page 9 undefined on input line 643.


LaTeX Warning: Reference `sec:domain-strain' on page 9 undefined on input line 656.


LaTeX Warning: Reference `eq:cont-evolution' on page 9 undefined on input line 659.


LaTeX Warning: Reference `eq:Pij' on page 9 undefined on input line 669.


LaTeX Warning: Reference `eq:diffusion' on page 9 undefined on input line 672.


LaTeX Warning: Reference `eq:rstransport' on page 9 undefined on input line 676.

[9{c:/Users/shar_sp/AppData/Roaming/TinyTeX/texmf-dist/fonts/enc/dvips/newtx/ntx-ot1-tlf-pc.enc}]

LaTeX Warning: Reference `eq:rdt' on page 10 undefined on input line 702.


LaTeX Warning: Reference `eq:production-rate' on page 10 undefined on input line 715.


LaTeX Warning: Reference `eq:exact-rps' on page 10 undefined on input line 738.


Package natbib Warning: Citation `Crow1968' on page 10 undefined on input line 744.


Package natbib Warning: Citation `LaunderReeceRodi1975' on page 10 undefined on input line 744.


Package natbib Warning: Citation `Pope2000' on page 10 undefined on input line 744.


LaTeX Warning: Reference `eq:iso-closure' on page 10 undefined on input line 768.


LaTeX Warning: Reference `eq:exact-rps' on page 10 undefined on input line 768.


LaTeX Warning: Reference `eq:production-rate' on page 10 undefined on input line 778.


LaTeX Warning: Reference `eq:Pir-iso' on page 10 undefined on input line 779.


Package natbib Warning: Citation `Crow1968' on page 10 undefined on input line 785.


LaTeX Warning: Reference `eq:crow' on page 10 undefined on input line 785.


Package natbib Warning: Citation `Pope2000' on page 10 undefined on input line 787.


LaTeX Warning: Reference `eq:exact-rps' on page 10 undefined on input line 788.


LaTeX Warning: Reference `eq:iso-closure' on page 10 undefined on input line 790.


Package natbib Warning: Citation `LaunderReeceRodi1975' on page 10 undefined on input line 793.


LaTeX Warning: Reference `eq:iso-closure' on page 10 undefined on input line 795.


LaTeX Warning: Reference `sec:validation' on page 10 undefined on input line 797.


Package xcolor Warning: Incompatible color definition on input line 798.

[10]

LaTeX Warning: Reference `eq:traceless' on page 11 undefined on input line 802.


LaTeX Warning: Reference `eq:lyapunov' on page 11 undefined on input line 812.


LaTeX Warning: Reference `eq:lyapunov' on page 11 undefined on input line 815.


LaTeX Warning: Reference `eq:lyapunov' on page 11 undefined on input line 818.


LaTeX Warning: Reference `eq:Pir-iso' on page 11 undefined on input line 819.


LaTeX Warning: Reference `eq:redistribution' on page 11 undefined on input line 833.


LaTeX Warning: Reference `eq:ci' on page 11 undefined on input line 833.


LaTeX Warning: Reference `eq:rdt' on page 11 undefined on input line 839.


LaTeX Warning: Reference `sec:domain-strain' on page 11 undefined on input line 843.


LaTeX Warning: Reference `eq:lyapunov' on page 11 undefined on input line 849.


LaTeX Warning: Reference `eq:cont-evolution' on page 11 undefined on input line 851.


LaTeX Warning: Reference `eq:dRdt-rdt' on page 11 undefined on input line 853.


LaTeX Warning: Reference `eq:iso-closure' on page 11 undefined on input line 854.


LaTeX Warning: Reference `eq:crow' on page 11 undefined on input line 856.


LaTeX Warning: Reference `eq:production-rate' on page 11 undefined on input line 860.


LaTeX Warning: Reference `eq:cont-evolution' on page 11 undefined on input line 861.


LaTeX Warning: Reference `eq:lyapunov' on page 11 undefined on input line 862.


LaTeX Warning: Reference `eq:dRdt-rdt' on page 11 undefined on input line 864.


LaTeX Warning: Reference `eq:crow' on page 11 undefined on input line 865.


LaTeX Warning: Reference `eq:iso-closure' on page 11 undefined on input line 866.


LaTeX Warning: Reference `eq:Pir-iso' on page 11 undefined on input line 866.


LaTeX Warning: Reference `prop:rdt' on page 11 undefined on input line 869.


LaTeX Warning: Reference `eq:cont-evolution' on page 11 undefined on input line 876.


LaTeX Warning: Reference `sec:validation' on page 11 undefined on input line 879.


LaTeX Warning: Reference `prop:rdt' on page 11 undefined on input line 882.

[11]

LaTeX Warning: Reference `eq:rdt' on page 12 undefined on input line 886.


LaTeX Warning: Reference `eq:wavenumber-line' on page 12 undefined on input line 905.


LaTeX Warning: Reference `eq:dilatation' on page 12 undefined on input line 912.


Package natbib Warning: Citation `Lignell2013' on page 12 undefined on input line 914.


LaTeX Warning: Reference `sec:strain-forcing' on page 12 undefined on input line 918.


LaTeX Warning: Reference `sec:rapid-kernel' on page 12 undefined on input line 918.


LaTeX Warning: Reference `eq:dilatation' on page 12 undefined on input line 920.


LaTeX Warning: Reference `eq:rdt' on page 12 undefined on input line 926.


LaTeX Warning: Reference `sec:rapid-kernel' on page 12 undefined on input line 933.


Underfull \vbox (badness 7099) has occurred while \output is active
Underfull \vbox (badness 7099) has occurred while \output is active
Overfull \hbox (1.61096pt too wide) has occurred while \output is active
[] 
[12]

LaTeX Warning: Reference `eq:lyapunov' on page 13 undefined on input line 948.


LaTeX Warning: Reference `eq:iso-B' on page 13 undefined on input line 950.


LaTeX Warning: Reference `eq:dilatation' on page 13 undefined on input line 951.


LaTeX Warning: Reference `eq:rate' on page 13 undefined on input line 953.


LaTeX Warning: Reference `eq:triplet' on page 13 undefined on input line 953.


LaTeX Warning: Reference `eq:redistribution' on page 13 undefined on input line 954.


LaTeX Warning: Reference `eq:ci' on page 13 undefined on input line 954.


LaTeX Warning: Reference `prop:rdt' on page 13 undefined on input line 972.


LaTeX Warning: Reference `sec:val-spectrum' on page 13 undefined on input line 979.


LaTeX Warning: Reference `sec:validation' on page 13 undefined on input line 986.


LaTeX Warning: Reference `sec:verification' on page 13 undefined on input line 999.


LaTeX Warning: Reference `sec:val-spectrum' on page 13 undefined on input line 1001.


LaTeX Warning: Reference `sec:cmk' on page 13 undefined on input line 1002.


LaTeX Warning: Reference `sec:lr-validation' on page 13 undefined on input line 1002.


Package natbib Warning: Citation `ChenMeneveauKatz2006' on page 13 undefined on input line 1004.


Package natbib Warning: Citation `LeeReynolds1985' on page 13 undefined on input line 1005.


LaTeX Warning: Reference `sec:verification' on page 13 undefined on input line 1007.


Underfull \vbox (badness 10000) has occurred while \output is active
Underfull \vbox (badness 10000) has occurred while \output is active [13]

LaTeX Warning: Reference `sec:domain-strain' on page 14 undefined on input line 1035.


LaTeX Warning: Reference `eq:cont-evolution' on page 14 undefined on input line 1041.


LaTeX Warning: Reference `prop:rdt' on page 14 undefined on input line 1042.


LaTeX Warning: Reference `eq:production-rate' on page 14 undefined on input line 1043.


LaTeX Warning: Reference `eq:crow' on page 14 undefined on input line 1043.


LaTeX Warning: Reference `eq:onset-rate' on page 14 undefined on input line 1052.


LaTeX Warning: Reference `tab:onset' on page 14 undefined on input line 1056.


LaTeX Warning: Reference `sec:rapid-kernel' on page 14 undefined on input line 1066.


LaTeX Warning: Reference `eq:onset-rate' on page 14 undefined on input line 1067.


LaTeX Warning: Reference `eq:plane-strain' on page 14 undefined on input line 1081.


LaTeX Warning: Reference `eq:axi-strain' on page 14 undefined on input line 1083.


LaTeX Warning: Reference `eq:onset-rate' on page 14 undefined on input line 1092.


LaTeX Warning: Reference `eq:onset-rate' on page 14 undefined on input line 1092.


LaTeX Warning: Reference `eq:exact-rps' on page 14 undefined on input line 1100.


LaTeX Warning: Reference `eq:iso-closure' on page 14 undefined on input line 1105.


Package natbib Warning: Citation `LaunderReeceRodi1975' on page 14 undefined on input line 1107.


LaTeX Warning: Reference `eq:lrr' on page 14 undefined on input line 1117.


LaTeX Warning: Reference `eq:Pir-iso' on page 14 undefined on input line 1118.


LaTeX Warning: Reference `eq:onset-rate' on page 14 undefined on input line 1119.


LaTeX Warning: Reference `eq:rdt' on page 14 undefined on input line 1122.


LaTeX Warning: Reference `eq:onset-rate' on page 14 undefined on input line 1128.


Overfull \hbox (1.61096pt too wide) has occurred while \output is active
[] 
[14]

LaTeX Warning: Reference `fig:rdt-components' on page 15 undefined on input line 1131.


LaTeX Warning: Reference `eq:onset-rate' on page 15 undefined on input line 1134.


LaTeX Warning: Reference `prop:rdt' on page 15 undefined on input line 1137.


LaTeX Warning: Reference `sec:domain-strain' on page 15 undefined on input line 1155.


LaTeX Warning: Reference `sec:cmk' on page 15 undefined on input line 1157.


LaTeX Warning: Reference `sec:lr-validation' on page 15 undefined on input line 1157.


LaTeX Warning: Reference `eq:rdt' on page 15 undefined on input line 1176.


LaTeX Warning: Reference `eq:lrr' on page 15 undefined on input line 1176.


LaTeX Warning: Reference `eq:iso-closure' on page 15 undefined on input line 1176.


LaTeX Warning: Reference `eq:rdt' on page 15 undefined on input line 1176.


LaTeX Warning: Reference `eq:lrr' on page 15 undefined on input line 1176.


LaTeX Warning: Reference `eq:iso-closure' on page 15 undefined on input line 1176.


LaTeX Warning: Reference `fig:rdt-upwash' on page 15 undefined on input line 1187.

[15]

LaTeX Warning: Reference `sec:rapid-kernel' on page 16 undefined on input line 1191.


LaTeX Warning: Reference `sec:rapid-kernel' on page 16 undefined on input line 1196.


LaTeX Warning: Reference `eq:crow' on page 16 undefined on input line 1197.


LaTeX Warning: Reference `sec:val-spectrum' on page 16 undefined on input line 1220.


LaTeX Warning: Reference `sec:cmk' on page 16 undefined on input line 1221.


LaTeX Warning: Reference `sec:lr-validation' on page 16 undefined on input line 1221.


LaTeX Warning: Reference `sec:onset' on page 16 undefined on input line 1242.


LaTeX Warning: Reference `sec:finite-strain' on page 16 undefined on input line 1243.


LaTeX Warning: Reference `eq:lyapunov' on page 16 undefined on input line 1247.


Underfull \vbox (badness 10000) has occurred while \output is active
Underfull \vbox (badness 10000) has occurred while \output is active
Overfull \hbox (1.61096pt too wide) has occurred while \output is active
[] 
[16 <./Figures/fig_components_plane.pdf> <./Figures/fig_components_axisymmetric.pdf>]

LaTeX Warning: Reference `sec:onset' on page 17 undefined on input line 1253.


LaTeX Warning: Reference `sec:finite-strain' on page 17 undefined on input line 1253.


LaTeX Warning: Reference `eq:plane-strain' on page 17 undefined on input line 1256.


LaTeX Warning: Reference `prop:rdt' on page 17 undefined on input line 1268.


LaTeX Warning: Reference `eq:lrr' on page 17 undefined on input line 1296.


LaTeX Warning: Reference `sec:val-spectrum' on page 17 undefined on input line 1296.


LaTeX Warning: Reference `eq:lrr' on page 17 undefined on input line 1296.


LaTeX Warning: Reference `sec:val-spectrum' on page 17 undefined on input line 1296.


LaTeX Warning: Reference `fig:level1a' on page 17 undefined on input line 1301.


LaTeX Warning: Reference `eq:onset-rate' on page 17 undefined on input line 1307.

[17 <./Figures/fig_upwash_amplification.pdf>]

LaTeX Warning: Reference `sec:finite-strain' on page 18 undefined on input line 1317.


LaTeX Warning: Reference `fig:level1a' on page 18 undefined on input line 1332.


LaTeX Warning: Reference `sec:val-spectrum' on page 18 undefined on input line 1354.


Overfull \hbox (1.61096pt too wide) has occurred while \output is active
[] 
[18 <./Figures/fig_level1a_trajectory.pdf> <./Figures/fig_level1a_trajectory_kt.pdf>]

LaTeX Warning: Reference `sec:level1a' on page 19 undefined on input line 1362.


LaTeX Warning: Reference `sec:gate' on page 19 undefined on input line 1381.


Package natbib Warning: Citation `BatchelorProudman1954' on page 19 undefined on input line 1401.


Package natbib Warning: Citation `HuntCarruthers1990' on page 19 undefined on input line 1401.


LaTeX Warning: Reference `sec:rapid-kernel' on page 19 undefined on input line 1403.


LaTeX Warning: Reference `sec:spec-linref' on page 19 undefined on input line 1409.


LaTeX Warning: Reference `fig:spec-rdt' on page 19 undefined on input line 1413.

[19]

LaTeX Warning: Reference `eq:rdt' on page 20 undefined on input line 1431.


LaTeX Warning: Reference `sec:box-dns' on page 20 undefined on input line 1438.


LaTeX Warning: Reference `fig:rdt-projection' on page 20 undefined on input line 1450.


LaTeX Warning: Reference `sec:box-dns' on page 20 undefined on input line 1461.


LaTeX Warning: Reference `sec:box-dns' on page 20 undefined on input line 1461.


LaTeX Warning: Reference `sec:spec-bvc' on page 20 undefined on input line 1467.


LaTeX Warning: Reference `sec:threeway' on page 20 undefined on input line 1473.


Overfull \hbox (1.61096pt too wide) has occurred while \output is active
[] 
[20 <./Figures/fig_rdt_projection.pdf>]

LaTeX Warning: Reference `fig:spec-bvc' on page 21 undefined on input line 1508.


LaTeX Warning: Reference `fig:bvc-centroid' on page 21 undefined on input line 1510.


LaTeX Warning: Reference `fig:bvc-spectra' on page 21 undefined on input line 1517.


LaTeX Warning: Reference `sec:spec-linref' on page 21 undefined on input line 1525.


LaTeX Warning: Reference `fig:rdt-projection' on page 21 undefined on input line 1530.


LaTeX Warning: Reference `sec:threeway' on page 21 undefined on input line 1535.


Package natbib Warning: Citation `deSantana2016' on page 21 undefined on input line 1540.

[21 <./Figures/fig_spectrum_hs__spectra.pdf> <./Figures/fig_spectrum_hs__centroid.pdf>]

LaTeX Warning: Reference `fig:spec-Re' on page 22 undefined on input line 1568.


LaTeX Warning: Reference `fig:C-spectra' on page 22 undefined on input line 1571.


LaTeX Warning: Reference `fig:C-centroid' on page 22 undefined on input line 1572.


LaTeX Warning: Reference `sec:spec-bvc' on page 22 undefined on input line 1581.


LaTeX Warning: Reference `fig:C-spectra' on page 22 undefined on input line 1585.


Package natbib Warning: Citation `Kolmogorov1991' on page 22 undefined on input line 1593.


Package natbib Warning: Citation `Pope2000' on page 22 undefined on input line 1595.


Overfull \hbox (1.61096pt too wide) has occurred while \output is active
[] 
[22 <./Figures/BvsC_nu1e5_spectra.pdf> <./Figures/BvsC_nu1e5_centroid.pdf>]

LaTeX Warning: Reference `fig:C-centroid' on page 23 undefined on input line 1604.


LaTeX Warning: Reference `sec:spec-Re' on page 23 undefined on input line 1635.


LaTeX Warning: Reference `eq:eps-budget' on page 23 undefined on input line 1650.


LaTeX Warning: Reference `sec:summary' on page 23 undefined on input line 1653.


LaTeX Warning: Reference `fig:chi' on page 23 undefined on input line 1658.


LaTeX Warning: Reference `sec:spec-Re' on page 23 undefined on input line 1664.

[23 <./Figures/C_ensemble_spectra.pdf> <./Figures/C_ensemble_centroid.pdf>]

LaTeX Warning: Reference `fig:op-spectra' on page 24 undefined on input line 1668.


LaTeX Warning: Reference `sec:spec-Re' on page 24 undefined on input line 1674.


Package natbib Warning: Citation `Pope2000' on page 24 undefined on input line 1676.


LaTeX Warning: Reference `fig:op-centroid' on page 24 undefined on input line 1680.


LaTeX Warning: Reference `sec:spec-bvc' on page 24 undefined on input line 1684.


LaTeX Warning: Reference `sec:spec-bvc' on page 24 undefined on input line 1686.


Package natbib Warning: Citation `BatchelorProudman1954' on page 24 undefined on input line 1691.


Package natbib Warning: Citation `HuntCarruthers1990' on page 24 undefined on input line 1691.


LaTeX Warning: Reference `sec:spec-rdt' on page 24 undefined on input line 1698.


LaTeX Warning: Reference `fig:chi' on page 24 undefined on input line 1712.


LaTeX Warning: Reference `eq:eps-budget' on page 24 undefined on input line 1714.


LaTeX Warning: Reference `eq:eps-budget' on page 24 undefined on input line 1720.


Overfull \hbox (1.61096pt too wide) has occurred while \output is active
[] 
[24]

LaTeX Warning: Reference `fig:peak' on page 25 undefined on input line 1739.


Package natbib Warning: Citation `Amiet1975' on page 25 undefined on input line 1753.


LaTeX Warning: Reference `sec:gate' on page 25 undefined on input line 1753.


Package natbib Warning: Citation `LeeReynolds1985' on page 25 undefined on input line 1763.


LaTeX Warning: Reference `fig:chi' on page 25 undefined on input line 1802.


LaTeX Warning: Reference `fig:chi' on page 25 undefined on input line 1802.


LaTeX Warning: Reference `sec:val-spectrum' on page 25 undefined on input line 1836.


Package natbib Warning: Citation `ChenMeneveauKatz2006' on page 25 undefined on input line 1840.


Package natbib Warning: Citation `LeePiomelliReynolds1986' on page 25 undefined on input line 1875.


Package natbib Warning: Citation `ChenMeneveauKatz2006' on page 25 undefined on input line 1875.


Package natbib Warning: Citation `LeePiomelliReynolds1986' on page 25 undefined on input line 1875.


Package natbib Warning: Citation `ChenMeneveauKatz2006' on page 25 undefined on input line 1875.


Package natbib Warning: Citation `LeePiomelliReynolds1986' on page 25 undefined on input line 1879.


LaTeX Warning: Reference `fig:cmk-rdt' on page 25 undefined on input line 1879.


LaTeX Warning: Reference `fig:cmk-rdt-centroid' on page 25 undefined on input line 1881.


LaTeX Warning: Reference `fig:cmk-rdt-energy' on page 25 undefined on input line 1884.


Package natbib Warning: Citation `LeePiomelliReynolds1986' on page 25 undefined on input line 1885.


Underfull \vbox (badness 10000) has occurred while \output is active
Underfull \vbox (badness 10000) has occurred while \output is active [25]
Overfull \hbox (1.61096pt too wide) has occurred while \output is active
[] 
[26 <./Figures/fig_chi_trajectory.pdf> <./Figures/fig_peak_centroid.pdf>]

LaTeX Warning: Reference `fig:cmk-aniso' on page 27 undefined on input line 1900.


LaTeX Warning: Reference `sec:val-spectrum' on page 27 undefined on input line 1911.


Underfull \vbox (badness 3849) has occurred while \output is active
Underfull \vbox (badness 3849) has occurred while \output is active [27 <./Figures/C_kv3em6_hires_op_spectra.pdf> <./Figures/C_kv3em6_hires_op_centroid.pdf> <./Figures/fig_cmk_centroid.pdf> <./Figures/fig_cmk_energy.pdf>]

LaTeX Warning: Reference `sec:cmk-rdt' on page 28 undefined on input line 1925.


Package natbib Warning: Citation `ChenMeneveauKatz2006' on page 28 undefined on input line 1941.


Package natbib Warning: Citation `ChenMeneveauKatz2006' on page 28 undefined on input line 1941.


LaTeX Warning: Reference `sec:cmk' on page 28 undefined on input line 1953.


Package natbib Warning: Citation `LeeReynolds1985' on page 28 undefined on input line 1962.


LaTeX Warning: Reference `sec:cmk' on page 28 undefined on input line 1968.


Overfull \hbox (1.61096pt too wide) has occurred while \output is active
[] 
[28]

Package natbib Warning: Citation `LeeReynolds1985' on page 29 undefined on input line 1991.


LaTeX Warning: Reference `eq:bij' on page 29 undefined on input line 1993.


LaTeX Warning: Reference `sec:cmk' on page 29 undefined on input line 1997.


Package natbib Warning: Citation `LeeReynolds1985' on page 29 undefined on input line 1999.


Package natbib Warning: Citation `LeeReynolds1985' on page 29 undefined on input line 2017.


Package natbib Warning: Citation `LeeReynolds1985' on page 29 undefined on input line 2023.


LaTeX Warning: Reference `sec:spec-op' on page 29 undefined on input line 2026.


LaTeX Warning: Reference `eq:eps-budget' on page 29 undefined on input line 2027.


Package natbib Warning: Citation `LeeReynolds1985' on page 29 undefined on input line 2029.

[29 <./Figures/fig_cmk_anisotropy.pdf>]

Package natbib Warning: Citation `LeeReynolds1985' on page 30 undefined on input line 2055.


Package natbib Warning: Citation `LeeReynolds1985' on page 30 undefined on input line 2055.


LaTeX Warning: Reference `fig:lr-plane' on page 30 undefined on input line 2058.


Package natbib Warning: Citation `LeeReynolds1985' on page 30 undefined on input line 2061.


Package natbib Warning: Citation `LeeReynolds1985' on page 30 undefined on input line 2070.


Overfull \hbox (1.61096pt too wide) has occurred while \output is active
[] 
[30 <./Figures/fig_LR_plane.pdf>]

LaTeX Warning: Reference `fig:lr-plane' on page 31 undefined on input line 2077.


LaTeX Warning: Reference `sec:lr-discussion' on page 31 undefined on input line 2081.


LaTeX Warning: Reference `sec:lr-discussion' on page 31 undefined on input line 2087.


LaTeX Warning: Reference `eq:bij' on page 31 undefined on input line 2092.


Package natbib Warning: Citation `LeeReynolds1985' on page 31 undefined on input line 2106.


Package natbib Warning: Citation `LeeReynolds1985' on page 31 undefined on input line 2106.


LaTeX Warning: Reference `fig:lr-axisym' on page 31 undefined on input line 2109.


Underfull \vbox (badness 10000) has occurred while \output is active
Underfull \vbox (badness 10000) has occurred while \output is active [31 <./Figures/fig_LR_axisym.pdf>]

LaTeX Warning: Reference `fig:lr-axisym' on page 32 undefined on input line 2124.


LaTeX Warning: Reference `sec:finite-strain' on page 32 undefined on input line 2140.


Package natbib Warning: Citation `LeeReynolds1985' on page 32 undefined on input line 2170.


Package natbib Warning: Citation `LeeReynolds1985' on page 32 undefined on input line 2170.


LaTeX Warning: Reference `sec:cmk' on page 32 undefined on input line 2177.


LaTeX Warning: Reference `fig:lr-b11' on page 32 undefined on input line 2184.


Overfull \hbox (1.61096pt too wide) has occurred while \output is active
[] 
[32]

Package natbib Warning: Citation `LeeReynolds1985' on page 33 undefined on input line 2209.


LaTeX Warning: Reference `fig:lr-b11' on page 33 undefined on input line 2213.

[33 <./Figures/fig_LR_b11_closure.pdf>]

Package natbib Warning: Citation `LeeReynolds1985' on page 34 undefined on input line 2227.


LaTeX Warning: Reference `sec:gate' on page 34 undefined on input line 2229.


LaTeX Warning: Reference `sec:gate' on page 34 undefined on input line 2232.


LaTeX Warning: Reference `sec:val-spectrum' on page 34 undefined on input line 2242.


LaTeX Warning: Reference `sec:spec-linref' on page 34 undefined on input line 2255.


LaTeX Warning: Reference `fig:threeway' on page 34 undefined on input line 2280.


LaTeX Warning: Reference `tab:threeway' on page 34 undefined on input line 2280.


LaTeX Warning: Reference `sec:spec-linref' on page 34 undefined on input line 2305.


LaTeX Warning: Reference `sec:lr-plane' on page 34 undefined on input line 2308.


LaTeX Warning: Reference `sec:gate' on page 34 undefined on input line 2315.


Overfull \hbox (1.61096pt too wide) has occurred while \output is active
[] 
[34]

LaTeX Warning: Reference `fig:rdt-distance' on page 35 undefined on input line 2340.

[35 <./Figures/fig_threeway.pdf>]

LaTeX Warning: Reference `sec:val-spectrum' on page 36 undefined on input line 2375.


LaTeX Warning: Reference `sec:rapid-kernel' on page 36 undefined on input line 2383.


Package natbib Warning: Citation `LaunderReeceRodi1975' on page 36 undefined on input line 2384.


LaTeX Warning: Reference `sec:exact-pi' on page 36 undefined on input line 2399.


LaTeX Warning: Reference `sec:obstruction' on page 36 undefined on input line 2399.


LaTeX Warning: Reference `sec:assumption' on page 36 undefined on input line 2403.


LaTeX Warning: Reference `sec:residual' on page 36 undefined on input line 2403.


LaTeX Warning: Reference `sec:val-spectrum' on page 36 undefined on input line 2406.


LaTeX Warning: Reference `sec:lrr-reduction' on page 36 undefined on input line 2407.


LaTeX Warning: Reference `sec:doublecount' on page 36 undefined on input line 2412.


Overfull \hbox (1.61096pt too wide) has occurred while \output is active
[] 
[36 <./Figures/fig_rdt_distance.pdf>]

LaTeX Warning: Reference `sec:val-spectrum' on page 37 undefined on input line 2418.


LaTeX Warning: Reference `sec:rapid-kernel' on page 37 undefined on input line 2419.


LaTeX Warning: Reference `eq:Piclosed' on page 37 undefined on input line 2420.


Package natbib Warning: Citation `Pope2000' on page 37 undefined on input line 2434.


LaTeX Warning: Reference `sec:val-spectrum' on page 37 undefined on input line 2445.


LaTeX Warning: Reference `eq:prapid' on page 37 undefined on input line 2461.


Package natbib Warning: Citation `BatchelorProudman1954' on page 37 undefined on input line 2467.


Package natbib Warning: Citation `Crow1968' on page 37 undefined on input line 2467.


Package natbib Warning: Citation `HuntCarruthers1990' on page 37 undefined on input line 2467.


LaTeX Warning: Reference `eq:poisson' on page 37 undefined on input line 2481.


LaTeX Warning: Reference `eq:Mijkl' on page 37 undefined on input line 2481.


LaTeX Warning: Reference `eq:prapid' on page 37 undefined on input line 2485.

[37]

LaTeX Warning: Reference `eq:Mijkl' on page 38 undefined on input line 2503.


LaTeX Warning: Reference `eq:phi1d' on page 38 undefined on input line 2507.


Overfull \hbox (0.50798pt too wide) in paragraph at lines 2501--2513
\OT1/minntx/m/n/10.74011 the one-dimensional spec-tra ob-tained by in-te-grat-ing $\OML/ntxmi/m/it/10.74011 ^^H[]$ \OT1/minntx/m/n/10.74011 over the two un-re-solved wavenum-

LaTeX Warning: Reference `sec:residual' on page 38 undefined on input line 2535.


LaTeX Warning: Reference `eq:Mijkl' on page 38 undefined on input line 2537.


Overfull \hbox (11.4153pt too wide) in paragraph at lines 2537--2541
[]\OT1/minntx/m/n/10.74011 Under A1 the an-gu-lar in-te-gral in [] can be car-ried out. Writ-ing $[] \U/ntxmia/m/it/10.74011 = \LMS/ntxsy/m/n/10.74011 ¹\OML/ntxmi/m/it/10.74011 ^^T[] [] ^^R;  ^^T[];  ^^T[] [] ^^R\LMS/ntxsy/m/n/10.74011 º$

LaTeX Warning: Reference `eq:angular' on page 38 undefined on input line 2554.


LaTeX Warning: Reference `eq:Mijkl' on page 38 undefined on input line 2554.


Package natbib Warning: Citation `Batchelor1946' on page 38 undefined on input line 2568.


Package natbib Warning: Citation `ChandrasekharAxisym1950' on page 38 undefined on input line 2568.


LaTeX Warning: Reference `eq:angular' on page 38 undefined on input line 2572.


Overfull \hbox (1.61096pt too wide) has occurred while \output is active
[] 
[38]

LaTeX Warning: Reference `eq:Piclosed' on page 39 undefined on input line 2593.


LaTeX Warning: Reference `eq:g3' on page 39 undefined on input line 2593.


Package natbib Warning: Citation `Crow1968' on page 39 undefined on input line 2606.


LaTeX Warning: Reference `eq:Mijkl' on page 39 undefined on input line 2616.


LaTeX Warning: Reference `eq:angular' on page 39 undefined on input line 2616.


LaTeX Warning: Reference `eq:Piclosed' on page 39 undefined on input line 2619.


LaTeX Warning: Reference `eq:Piclosed' on page 39 undefined on input line 2621.


LaTeX Warning: Reference `sec:val-spectrum' on page 39 undefined on input line 2624.


LaTeX Warning: Reference `eq:Piclosed' on page 39 undefined on input line 2626.


LaTeX Warning: Reference `eq:Piclosed' on page 39 undefined on input line 2632.


LaTeX Warning: Reference `eq:g3' on page 39 undefined on input line 2632.


LaTeX Warning: Reference `sec:val-spectrum' on page 39 undefined on input line 2633.


LaTeX Warning: Reference `sec:rapid-kernel' on page 39 undefined on input line 2634.


Package natbib Warning: Citation `LaunderReeceRodi1975' on page 39 undefined on input line 2635.


LaTeX Warning: Reference `fig:pi-kernels' on page 39 undefined on input line 2641.


LaTeX Warning: Reference `eq:g1' on page 39 undefined on input line 2642.


LaTeX Warning: Reference `eq:g3' on page 39 undefined on input line 2642.

[39]

Package natbib Warning: Citation `Crow1968' on page 40 undefined on input line 2677.


Package natbib Warning: Citation `LaunderReeceRodi1975' on page 40 undefined on input line 2678.


LaTeX Warning: Reference `eq:poisson' on page 40 undefined on input line 2681.


LaTeX Warning: Reference `eq:g1' on page 40 undefined on input line 2681.


LaTeX Warning: Reference `eq:g3' on page 40 undefined on input line 2681.


LaTeX Warning: Reference `eq:crow-spectral' on page 40 undefined on input line 2683.


LaTeX Warning: Reference `eq:giso' on page 40 undefined on input line 2684.


LaTeX Warning: Reference `eq:gtrace' on page 40 undefined on input line 2684.


LaTeX Warning: Reference `sec:val-spectrum' on page 40 undefined on input line 2688.


LaTeX Warning: Reference `eq:Piclosed' on page 40 undefined on input line 2690.


LaTeX Warning: Reference `sec:residual' on page 40 undefined on input line 2693.


LaTeX Warning: Reference `eq:g1' on page 40 undefined on input line 2710.


LaTeX Warning: Reference `eq:g3' on page 40 undefined on input line 2710.


LaTeX Warning: Reference `eq:gtrace' on page 40 undefined on input line 2710.


LaTeX Warning: Reference `eq:giso' on page 40 undefined on input line 2710.


Package natbib Warning: Citation `Crow1968' on page 40 undefined on input line 2710.


LaTeX Warning: Reference `sec:val-spectrum' on page 40 undefined on input line 2710.


LaTeX Warning: Reference `eq:g1' on page 40 undefined on input line 2710.


LaTeX Warning: Reference `eq:g3' on page 40 undefined on input line 2710.


LaTeX Warning: Reference `eq:gtrace' on page 40 undefined on input line 2710.


LaTeX Warning: Reference `eq:giso' on page 40 undefined on input line 2710.


Package natbib Warning: Citation `Crow1968' on page 40 undefined on input line 2710.


LaTeX Warning: Reference `sec:val-spectrum' on page 40 undefined on input line 2710.


LaTeX Warning: Reference `eq:poisson-rapid' on page 40 undefined on input line 2720.


LaTeX Warning: Reference `eq:Piclosed' on page 40 undefined on input line 2728.


LaTeX Warning: Reference `sec:spec-bvc' on page 40 undefined on input line 2732.


LaTeX Warning: Reference `sec:spec-bvc' on page 40 undefined on input line 2733.


Overfull \hbox (1.61096pt too wide) has occurred while \output is active
[] 
[40]

LaTeX Warning: Reference `eq:Mijkl' on page 41 undefined on input line 2738.


LaTeX Warning: Reference `eq:Piclosed' on page 41 undefined on input line 2740.


LaTeX Warning: Reference `prop:admissibility' on page 41 undefined on input line 2761.


LaTeX Warning: Reference `prop:rdt' on page 41 undefined on input line 2766.

[41 <./Figures/fig_pi_kernels.pdf>]

LaTeX Warning: Reference `sec:val-spectrum' on page 42 undefined on input line 2772.


LaTeX Warning: Reference `sec:gate' on page 42 undefined on input line 2779.


Package natbib Warning: Citation `ChenMeneveauKatz2006' on page 42 undefined on input line 2791.


Package natbib Warning: Citation `LeeReynolds1985' on page 42 undefined on input line 2793.


Package natbib Warning: Citation `Amiet1975' on page 42 undefined on input line 2807.


Overfull \hbox (15.25201pt too wide) in paragraph at lines 2816--2820
\OT1/minntx/m/n/10.74011 The au-thor thanks Marten Klein (Bran-den-burg Uni-ver-sity of Tech-nol-ogy Cottbus--Senftenberg)

Overfull \hbox (1.61096pt too wide) has occurred while \output is active
[] 
[42]

Package natbib Warning: Citation `swissai2025apertus' on page 43 undefined on input line 2822.

(c:/Users/shar_sp/AppData/Roaming/TinyTeX/texmf-dist/tex/latex/newtx/ot1ntxtt.fd)
No file Main_submission_V2.bbl.

Package natbib Warning: There were undefined citations.

[43] (./Main_submission_V2.aux)

LaTeX Warning: There were undefined references.


LaTeX Warning: Label(s) may have changed. Rerun to get cross-references right.

 )
(see the transcript file for additional information)<c:/Users/shar_sp/AppData/Roaming/TinyTeX/texmf-dist/fonts/type1/public/newtx/NewTXBMI.pfb><c:/Users/shar_sp/AppData/Roaming/TinyTeX/texmf-dist/fonts/type1/public/newtx/NewTXMI.pfb><c:/Users/shar_sp/AppData/Roaming/TinyTeX/texmf-dist/fonts/type1/public/newtx/NewTXMI5.pfb><c:/Users/shar_sp/AppData/Roaming/TinyTeX/texmf-dist/fonts/type1/public/newtx/NewTXMI7.pfb><c:/Users/shar_sp/AppData/Roaming/TinyTeX/texmf-dist/fonts/type1/public/tex-gyre/qhvr.pfb><c:/Users/shar_sp/AppData/Roaming/TinyTeX/texmf-dist/fonts/type1/public/tex-gyre/qtmr.pfb><c:/Users/shar_sp/AppData/Roaming/TinyTeX/texmf-dist/fonts/type1/public/newtx/txexas.pfb><c:/Users/shar_sp/AppData/Roaming/TinyTeX/texmf-dist/fonts/type1/public/newtx/txexs.pfb><c:/Users/shar_sp/AppData/Roaming/TinyTeX/texmf-dist/fonts/type1/public/newtx/txmiaX.pfb><c:/Users/shar_sp/AppData/Roaming/TinyTeX/texmf-dist/fonts/type1/public/newtx/txsym.pfb><c:/Users/shar_sp/AppData/Roaming/TinyTeX/texmf-dist/fonts/type1/public/newtx/txsys.pfb><c:/Users/shar_sp/AppData/Roaming/TinyTeX/texmf-dist/fonts/type1/public/txfonts/txtt.pfb><c:/Users/shar_sp/AppData/Roaming/TinyTeX/texmf-dist/fonts/type1/public/newtx/ztmb.pfb><c:/Users/shar_sp/AppData/Roaming/TinyTeX/texmf-dist/fonts/type1/public/newtx/ztmr.pfb><c:/Users/shar_sp/AppData/Roaming/TinyTeX/texmf-dist/fonts/type1/public/newtx/ztmri.pfb>
Output written on Main_submission_V2.pdf (43 pages, 1324562 bytes).
Transcript written on Main_submission_V2.log.
Latexmk: Getting log file 'Main_submission_V2.log'
Latexmk: Examining 'Main_submission_V2.fls'
Latexmk: Examining 'Main_submission_V2.log'
Latexmk: Missing bbl file 'Main_submission_V2.bbl' in following:
 No file Main_submission_V2.bbl.
Latexmk: References changed.
Latexmk: Log file says output to 'Main_submission_V2.pdf'
Latexmk: Using bibtex to make bibliography file(s).
  ===Source file 'Main_submission_V2.bbl' for 'pdflatex'
Create bibtex Main_submission_V2
Latexmk: Found bibliography file(s):
  ./jfm.bib
Latexmk: applying rule 'bibtex Main_submission_V2'...
Rule 'bibtex Main_submission_V2':  Reasons for rerun
Category 'other':
  Rerun of 'bibtex Main_submission_V2' forced or previously required:
    Reason or flag: 'Initial set up of rule'

------------
Run number 1 of rule 'bibtex Main_submission_V2'
------------
------------
Running 'bibtex  "Main_submission_V2.aux"'
------------
This is BibTeX, Version 0.99e (TeX Live 2026)
The top-level auxiliary file: Main_submission_V2.aux
The style file: jfm.bst
Database file #1: jfm.bib
Warning--there's a number but no volume in MillsCorrsin1959
(There was 1 warning)
Latexmk: applying rule 'pdflatex'...
Rule 'pdflatex':  Reasons for rerun
Changed files or newly in use/created:
  Main_submission_V2.aux
  Main_submission_V2.bbl

------------
Run number 2 of rule 'pdflatex'
------------
------------
Running 'pdflatex  -interaction=nonstopmode -recorder  "Main_submission_V2.tex"'
------------
This is pdfTeX, Version 3.141592653-2.6-1.40.29 (TeX Live 2026) (preloaded format=pdflatex)
 restricted \write18 enabled.
entering extended mode
(./Main_submission_V2.tex
LaTeX2e <2026-06-01>
L3 programming layer <2026-07-20>
(./JFM-FLM_Au.cls

LaTeX Warning: You have requested document class `JFM-FLM_Au',
               but the document class provides `jfm'.

Document Class: jfm 2006/11/13 v1.27 Journal of Fluid Mechanics document class
(c:/Users/shar_sp/AppData/Roaming/TinyTeX/texmf-dist/tex/latex/graphics/graphicx.sty (c:/Users/shar_sp/AppData/Roaming/TinyTeX/texmf-dist/tex/latex/graphics/keyval.sty) (c:/Users/shar_sp/AppData/Roaming/TinyTeX/texmf-dist/tex/latex/graphics/graphics.sty (c:/Users/shar_sp/AppData/Roaming/TinyTeX/texmf-dist/tex/latex/graphics/trig.sty) (c:/Users/shar_sp/AppData/Roaming/TinyTeX/texmf-dist/tex/latex/graphics-cfg/graphics.cfg) (c:/Users/shar_sp/AppData/Roaming/TinyTeX/texmf-dist/tex/latex/graphics-def/pdftex.def))) (c:/Users/shar_sp/AppData/Roaming/TinyTeX/texmf-dist/tex/latex/hyperref/hyperref.sty (c:/Users/shar_sp/AppData/Roaming/TinyTeX/texmf-dist/tex/generic/iftex/iftex.sty) (c:/Users/shar_sp/AppData/Roaming/TinyTeX/texmf-dist/tex/latex/kvsetkeys/kvsetkeys.sty) (c:/Users/shar_sp/AppData/Roaming/TinyTeX/texmf-dist/tex/generic/kvdefinekeys/kvdefinekeys.sty) (c:/Users/shar_sp/AppData/Roaming/TinyTeX/texmf-dist/tex/generic/pdfescape/pdfescape.sty (c:/Users/shar_sp/AppData/Roaming/TinyTeX/texmf-dist/tex/generic/ltxcmds/ltxcmds.sty) (c:/Users/shar_sp/AppData/Roaming/TinyTeX/texmf-dist/tex/generic/pdftexcmds/pdftexcmds.sty (c:/Users/shar_sp/AppData/Roaming/TinyTeX/texmf-dist/tex/generic/infwarerr/infwarerr.sty))) (c:/Users/shar_sp/AppData/Roaming/TinyTeX/texmf-dist/tex/latex/hycolor/hycolor.sty) (c:/Users/shar_sp/AppData/Roaming/TinyTeX/texmf-dist/tex/latex/hyperref/nameref.sty (c:/Users/shar_sp/AppData/Roaming/TinyTeX/texmf-dist/tex/latex/refcount/refcount.sty) (c:/Users/shar_sp/AppData/Roaming/TinyTeX/texmf-dist/tex/generic/gettitlestring/gettitlestring.sty (c:/Users/shar_sp/AppData/Roaming/TinyTeX/texmf-dist/tex/latex/kvoptions/kvoptions.sty))) (c:/Users/shar_sp/AppData/Roaming/TinyTeX/texmf-dist/tex/latex/etoolbox/etoolbox.sty) (c:/Users/shar_sp/AppData/Roaming/TinyTeX/texmf-dist/tex/generic/stringenc/stringenc.sty) (c:/Users/shar_sp/AppData/Roaming/TinyTeX/texmf-dist/tex/latex/hyperref/pd1enc.def) (c:/Users/shar_sp/AppData/Roaming/TinyTeX/texmf-dist/tex/generic/intcalc/intcalc.sty) (c:/Users/shar_sp/AppData/Roaming/TinyTeX/texmf-dist/tex/latex/hyperref/puenc.def) (c:/Users/shar_sp/AppData/Roaming/TinyTeX/texmf-dist/tex/latex/url/url.sty) (c:/Users/shar_sp/AppData/Roaming/TinyTeX/texmf-dist/tex/generic/bitset/bitset.sty (c:/Users/shar_sp/AppData/Roaming/TinyTeX/texmf-dist/tex/generic/bigintcalc/bigintcalc.sty))

Package hyperref Warning: Option `pdfpagelabels' is turned off
(hyperref)                because \thepage is undefined.

) (c:/Users/shar_sp/AppData/Roaming/TinyTeX/texmf-dist/tex/latex/hyperref/hpdftex.def (c:/Users/shar_sp/AppData/Roaming/TinyTeX/texmf-dist/tex/latex/rerunfilecheck/rerunfilecheck.sty (c:/Users/shar_sp/AppData/Roaming/TinyTeX/texmf-dist/tex/generic/uniquecounter/uniquecounter.sty))) (c:/Users/shar_sp/AppData/Roaming/TinyTeX/texmf-dist/tex/latex/bookmark/bookmark.sty (c:/Users/shar_sp/AppData/Roaming/TinyTeX/texmf-dist/tex/latex/l3backend/l3backend-pdftex.def) (c:/Users/shar_sp/AppData/Roaming/TinyTeX/texmf-dist/tex/latex/bookmark/bkm-pdftex.def)) (c:/Users/shar_sp/AppData/Roaming/TinyTeX/texmf-dist/tex/latex/breakurl/breakurl.sty (c:/Users/shar_sp/AppData/Roaming/TinyTeX/texmf-dist/tex/latex/xkeyval/xkeyval.sty (c:/Users/shar_sp/AppData/Roaming/TinyTeX/texmf-dist/tex/generic/xkeyval/xkeyval.tex (c:/Users/shar_sp/AppData/Roaming/TinyTeX/texmf-dist/tex/generic/xkeyval/xkvutils.tex))) (c:/Users/shar_sp/AppData/Roaming/TinyTeX/texmf-dist/tex/generic/iftex/ifpdf.sty)

Package breakurl Warning: You are using breakurl while processing via pdflatex.
(breakurl)                \burl will be just a synonym of \url.
(breakurl)                 on input line 48.

) (c:/Users/shar_sp/AppData/Roaming/TinyTeX/texmf-dist/tex/latex/booktabs/booktabs.sty) (c:/Users/shar_sp/AppData/Roaming/TinyTeX/texmf-dist/tex/latex/colortbl/colortbl.sty (c:/Users/shar_sp/AppData/Roaming/TinyTeX/texmf-dist/tex/latex/tools/array.sty) (c:/Users/shar_sp/AppData/Roaming/TinyTeX/texmf-dist/tex/latex/graphics/color.sty (c:/Users/shar_sp/AppData/Roaming/TinyTeX/texmf-dist/tex/latex/graphics-cfg/color.cfg) (c:/Users/shar_sp/AppData/Roaming/TinyTeX/texmf-dist/tex/latex/graphics/mathcolor.ltx))
new hooks used!!
) (c:/Users/shar_sp/AppData/Roaming/TinyTeX/texmf-dist/tex/latex/algorithm2e/algorithm2e.sty (c:/Users/shar_sp/AppData/Roaming/TinyTeX/texmf-dist/tex/latex/base/ifthen.sty) (c:/Users/shar_sp/AppData/Roaming/TinyTeX/texmf-dist/tex/latex/ifoddpage/ifoddpage.sty) (c:/Users/shar_sp/AppData/Roaming/TinyTeX/texmf-dist/tex/latex/tools/xspace.sty) (c:/Users/shar_sp/AppData/Roaming/TinyTeX/texmf-dist/tex/latex/relsize/relsize.sty

Package relsize Warning: Failed to get list of defined font sizes.
(relsize)                Size scaling will attempt arbitrary sizes..

)) (c:/Users/shar_sp/AppData/Roaming/TinyTeX/texmf-dist/tex/latex/tools/calc.sty) (c:/Users/shar_sp/AppData/Roaming/TinyTeX/texmf-dist/tex/generic/soul/soul.sty (c:/Users/shar_sp/AppData/Roaming/TinyTeX/texmf-dist/tex/generic/soul/soul-ori.sty) (c:/Users/shar_sp/AppData/Roaming/TinyTeX/texmf-dist/tex/generic/etexcmds/etexcmds.sty)) (c:/Users/shar_sp/AppData/Roaming/TinyTeX/texmf-dist/tex/latex/epstopdf-pkg/epstopdf.sty (c:/Users/shar_sp/AppData/Roaming/TinyTeX/texmf-dist/tex/latex/grfext/grfext.sty) (c:/Users/shar_sp/AppData/Roaming/TinyTeX/texmf-dist/tex/latex/epstopdf-pkg/epstopdf-base.sty (c:/Users/shar_sp/AppData/Roaming/TinyTeX/texmf-dist/tex/latex/latexconfig/epstopdf-sys.cfg)))

LaTeX Warning: Command `\theenumv' already defined -- not changed on input line 985.


LaTeX Warning: Command `\theenumvi' already defined -- not changed on input line 986.


LaTeX Warning: Command `\theenumvii' already defined -- not changed on input line 987.


LaTeX Warning: Command `\theenumviii' already defined -- not changed on input line 988.


LaTeX Warning: Command `\theenumix' already defined -- not changed on input line 989.


LaTeX Warning: Command `\theenumx' already defined -- not changed on input line 990.

(c:/Users/shar_sp/AppData/Roaming/TinyTeX/texmf-dist/tex/latex/caption/caption.sty (c:/Users/shar_sp/AppData/Roaming/TinyTeX/texmf-dist/tex/latex/caption/caption3.sty)

Package caption Warning: Unknown document class (or package),
(caption)                standard defaults will be used.
See the caption package documentation for explanation.

)

Found the 'amsbsy' package on the system, using it.

(c:/Users/shar_sp/AppData/Roaming/TinyTeX/texmf-dist/tex/latex/amsmath/amsbsy.sty (c:/Users/shar_sp/AppData/Roaming/TinyTeX/texmf-dist/tex/latex/amsmath/amsgen.sty))

Found AMS Euler Roman fonts on the system, but you dont seem to have the
'upmath' package installed. JFM.cls can take advantage of these fonts,
if you use 'upmath' package.



Found AMS Symbol fonts on the system, using the 'amssymb' package.

(c:/Users/shar_sp/AppData/Roaming/TinyTeX/texmf-dist/tex/latex/amsfonts/amssymb.sty (c:/Users/shar_sp/AppData/Roaming/TinyTeX/texmf-dist/tex/latex/amsfonts/amsfonts.sty)) (c:/Users/shar_sp/AppData/Roaming/TinyTeX/texmf-dist/tex/latex/newtx/newtxtext.sty `newtxtext' v1.744, 2024/04/01 Text macros taking advantage of TeXGyre Termes and its extensions (msharpe) (c:/Users/shar_sp/AppData/Roaming/TinyTeX/texmf-dist/tex/latex/xpatch/xpatch.sty (c:/Users/shar_sp/AppData/Roaming/TinyTeX/texmf-dist/tex/latex/l3kernel/expl3.sty) (c:/Users/shar_sp/AppData/Roaming/TinyTeX/texmf-dist/tex/latex/l3packages/xparse/xparse.sty)) (c:/Users/shar_sp/AppData/Roaming/TinyTeX/texmf-dist/tex/latex/xcolor/xcolor.sty (c:/Users/shar_sp/AppData/Roaming/TinyTeX/texmf-dist/tex/latex/graphics-cfg/color.cfg) (c:/Users/shar_sp/AppData/Roaming/TinyTeX/texmf-dist/tex/latex/graphics/mathcolor.ltx)) (c:/Users/shar_sp/AppData/Roaming/TinyTeX/texmf-dist/tex/latex/base/textcomp.sty) (c:/Users/shar_sp/AppData/Roaming/TinyTeX/texmf-dist/tex/generic/xstring/xstring.sty (c:/Users/shar_sp/AppData/Roaming/TinyTeX/texmf-dist/tex/generic/xstring/xstring.tex)) (c:/Users/shar_sp/AppData/Roaming/TinyTeX/texmf-dist/tex/latex/carlisle/scalefnt.sty) (c:/Users/shar_sp/AppData/Roaming/TinyTeX/texmf-dist/tex/generic/kastrup/binhex.tex) (c:/Users/shar_sp/AppData/Roaming/TinyTeX/texmf-dist/tex/latex/fontaxes/fontaxes.sty (c:/Users/shar_sp/AppData/Roaming/TinyTeX/texmf-dist/tex/latex/figureversions/figureversions.sty))) (c:/Users/shar_sp/AppData/Roaming/TinyTeX/texmf-dist/tex/latex/newtx/newtxmath.sty `newtxmath' v1.754, 2024/09/22 Math macros based originally on txfonts (msharpe) (c:/Users/shar_sp/AppData/Roaming/TinyTeX/texmf-dist/tex/latex/amsmath/amsmath.sty
For additional information on amsmath, use the `?' option.
(c:/Users/shar_sp/AppData/Roaming/TinyTeX/texmf-dist/tex/latex/amsmath/amstext.sty) (c:/Users/shar_sp/AppData/Roaming/TinyTeX/texmf-dist/tex/latex/amsmath/amsopn.sty)) (c:/Users/shar_sp/AppData/Roaming/TinyTeX/texmf-dist/tex/latex/oberdiek/centernot.sty) (c:/Users/shar_sp/AppData/Roaming/TinyTeX/texmf-dist/tex/generic/kastrup/binhex.tex)
amsthm NOT loaded
) (c:/Users/shar_sp/AppData/Roaming/TinyTeX/texmf-dist/tex/latex/natbib/natbib.sty)) (c:/Users/shar_sp/AppData/Roaming/TinyTeX/texmf-dist/tex/latex/pgf/frontendlayer/tikz.sty (c:/Users/shar_sp/AppData/Roaming/TinyTeX/texmf-dist/tex/latex/pgf/basiclayer/pgf.sty (c:/Users/shar_sp/AppData/Roaming/TinyTeX/texmf-dist/tex/latex/pgf/utilities/pgfrcs.sty (c:/Users/shar_sp/AppData/Roaming/TinyTeX/texmf-dist/tex/generic/pgf/utilities/pgfutil-common.tex) (c:/Users/shar_sp/AppData/Roaming/TinyTeX/texmf-dist/tex/generic/pgf/utilities/pgfutil-latex.def) (c:/Users/shar_sp/AppData/Roaming/TinyTeX/texmf-dist/tex/generic/pgf/utilities/pgfrcs.code.tex (c:/Users/shar_sp/AppData/Roaming/TinyTeX/texmf-dist/tex/generic/pgf/pgf.revision.tex))) (c:/Users/shar_sp/AppData/Roaming/TinyTeX/texmf-dist/tex/latex/pgf/basiclayer/pgfcore.sty (c:/Users/shar_sp/AppData/Roaming/TinyTeX/texmf-dist/tex/latex/pgf/systemlayer/pgfsys.sty (c:/Users/shar_sp/AppData/Roaming/TinyTeX/texmf-dist/tex/generic/pgf/systemlayer/pgfsys.code.tex (c:/Users/shar_sp/AppData/Roaming/TinyTeX/texmf-dist/tex/generic/pgf/utilities/pgfkeys.code.tex (c:/Users/shar_sp/AppData/Roaming/TinyTeX/texmf-dist/tex/generic/pgf/utilities/pgfkeyslibraryfiltered.code.tex)) (c:/Users/shar_sp/AppData/Roaming/TinyTeX/texmf-dist/tex/generic/pgf/systemlayer/pgf.cfg) (c:/Users/shar_sp/AppData/Roaming/TinyTeX/texmf-dist/tex/generic/pgf/systemlayer/pgfsys-pdftex.def (c:/Users/shar_sp/AppData/Roaming/TinyTeX/texmf-dist/tex/generic/pgf/systemlayer/pgfsys-common-pdf.def))) (c:/Users/shar_sp/AppData/Roaming/TinyTeX/texmf-dist/tex/generic/pgf/systemlayer/pgfsyssoftpath.code.tex) (c:/Users/shar_sp/AppData/Roaming/TinyTeX/texmf-dist/tex/generic/pgf/systemlayer/pgfsysprotocol.code.tex)) (c:/Users/shar_sp/AppData/Roaming/TinyTeX/texmf-dist/tex/generic/pgf/basiclayer/pgfcore.code.tex (c:/Users/shar_sp/AppData/Roaming/TinyTeX/texmf-dist/tex/generic/pgf/math/pgfmath.code.tex (c:/Users/shar_sp/AppData/Roaming/TinyTeX/texmf-dist/tex/generic/pgf/math/pgfmathutil.code.tex) (c:/Users/shar_sp/AppData/Roaming/TinyTeX/texmf-dist/tex/generic/pgf/math/pgfmathparser.code.tex) (c:/Users/shar_sp/AppData/Roaming/TinyTeX/texmf-dist/tex/generic/pgf/math/pgfmathfunctions.code.tex) (c:/Users/shar_sp/AppData/Roaming/TinyTeX/texmf-dist/tex/generic/pgf/math/pgfmathfunctions.basic.code.tex) (c:/Users/shar_sp/AppData/Roaming/TinyTeX/texmf-dist/tex/generic/pgf/math/pgfmathfunctions.trigonometric.code.tex) (c:/Users/shar_sp/AppData/Roaming/TinyTeX/texmf-dist/tex/generic/pgf/math/pgfmathfunctions.random.code.tex) (c:/Users/shar_sp/AppData/Roaming/TinyTeX/texmf-dist/tex/generic/pgf/math/pgfmathfunctions.comparison.code.tex) (c:/Users/shar_sp/AppData/Roaming/TinyTeX/texmf-dist/tex/generic/pgf/math/pgfmathfunctions.base.code.tex) (c:/Users/shar_sp/AppData/Roaming/TinyTeX/texmf-dist/tex/generic/pgf/math/pgfmathfunctions.round.code.tex) (c:/Users/shar_sp/AppData/Roaming/TinyTeX/texmf-dist/tex/generic/pgf/math/pgfmathfunctions.misc.code.tex) (c:/Users/shar_sp/AppData/Roaming/TinyTeX/texmf-dist/tex/generic/pgf/math/pgfmathfunctions.integerarithmetics.code.tex) (c:/Users/shar_sp/AppData/Roaming/TinyTeX/texmf-dist/tex/generic/pgf/math/pgfmathcalc.code.tex) (c:/Users/shar_sp/AppData/Roaming/TinyTeX/texmf-dist/tex/generic/pgf/math/pgfmathfloat.code.tex)) (c:/Users/shar_sp/AppData/Roaming/TinyTeX/texmf-dist/tex/generic/pgf/math/pgfint.code.tex) (c:/Users/shar_sp/AppData/Roaming/TinyTeX/texmf-dist/tex/generic/pgf/basiclayer/pgfcorepoints.code.tex) (c:/Users/shar_sp/AppData/Roaming/TinyTeX/texmf-dist/tex/generic/pgf/basiclayer/pgfcorepathconstruct.code.tex) (c:/Users/shar_sp/AppData/Roaming/TinyTeX/texmf-dist/tex/generic/pgf/basiclayer/pgfcorepathusage.code.tex) (c:/Users/shar_sp/AppData/Roaming/TinyTeX/texmf-dist/tex/generic/pgf/basiclayer/pgfcorescopes.code.tex) (c:/Users/shar_sp/AppData/Roaming/TinyTeX/texmf-dist/tex/generic/pgf/basiclayer/pgfcoregraphicstate.code.tex) (c:/Users/shar_sp/AppData/Roaming/TinyTeX/texmf-dist/tex/generic/pgf/basiclayer/pgfcoretransformations.code.tex) (c:/Users/shar_sp/AppData/Roaming/TinyTeX/texmf-dist/tex/generic/pgf/basiclayer/pgfcorequick.code.tex) (c:/Users/shar_sp/AppData/Roaming/TinyTeX/texmf-dist/tex/generic/pgf/basiclayer/pgfcoreobjects.code.tex) (c:/Users/shar_sp/AppData/Roaming/TinyTeX/texmf-dist/tex/generic/pgf/basiclayer/pgfcorepathprocessing.code.tex) (c:/Users/shar_sp/AppData/Roaming/TinyTeX/texmf-dist/tex/generic/pgf/basiclayer/pgfcorearrows.code.tex) (c:/Users/shar_sp/AppData/Roaming/TinyTeX/texmf-dist/tex/generic/pgf/basiclayer/pgfcoreshade.code.tex) (c:/Users/shar_sp/AppData/Roaming/TinyTeX/texmf-dist/tex/generic/pgf/basiclayer/pgfcoreimage.code.tex) (c:/Users/shar_sp/AppData/Roaming/TinyTeX/texmf-dist/tex/generic/pgf/basiclayer/pgfcoreexternal.code.tex) (c:/Users/shar_sp/AppData/Roaming/TinyTeX/texmf-dist/tex/generic/pgf/basiclayer/pgfcorelayers.code.tex) (c:/Users/shar_sp/AppData/Roaming/TinyTeX/texmf-dist/tex/generic/pgf/basiclayer/pgfcoretransparency.code.tex) (c:/Users/shar_sp/AppData/Roaming/TinyTeX/texmf-dist/tex/generic/pgf/basiclayer/pgfcorepatterns.code.tex) (c:/Users/shar_sp/AppData/Roaming/TinyTeX/texmf-dist/tex/generic/pgf/basiclayer/pgfcorerdf.code.tex))) (c:/Users/shar_sp/AppData/Roaming/TinyTeX/texmf-dist/tex/generic/pgf/modules/pgfmoduleshapes.code.tex) (c:/Users/shar_sp/AppData/Roaming/TinyTeX/texmf-dist/tex/generic/pgf/modules/pgfmoduleplot.code.tex) (c:/Users/shar_sp/AppData/Roaming/TinyTeX/texmf-dist/tex/latex/pgf/compatibility/pgfcomp-version-0-65.sty) (c:/Users/shar_sp/AppData/Roaming/TinyTeX/texmf-dist/tex/latex/pgf/compatibility/pgfcomp-version-1-18.sty)) (c:/Users/shar_sp/AppData/Roaming/TinyTeX/texmf-dist/tex/latex/pgf/utilities/pgffor.sty (c:/Users/shar_sp/AppData/Roaming/TinyTeX/texmf-dist/tex/latex/pgf/utilities/pgfkeys.sty (c:/Users/shar_sp/AppData/Roaming/TinyTeX/texmf-dist/tex/generic/pgf/utilities/pgfkeys.code.tex)) (c:/Users/shar_sp/AppData/Roaming/TinyTeX/texmf-dist/tex/latex/pgf/math/pgfmath.sty (c:/Users/shar_sp/AppData/Roaming/TinyTeX/texmf-dist/tex/generic/pgf/math/pgfmath.code.tex)) (c:/Users/shar_sp/AppData/Roaming/TinyTeX/texmf-dist/tex/generic/pgf/utilities/pgffor.code.tex)) (c:/Users/shar_sp/AppData/Roaming/TinyTeX/texmf-dist/tex/generic/pgf/frontendlayer/tikz/tikz.code.tex (c:/Users/shar_sp/AppData/Roaming/TinyTeX/texmf-dist/tex/generic/pgf/libraries/pgflibraryplothandlers.code.tex) (c:/Users/shar_sp/AppData/Roaming/TinyTeX/texmf-dist/tex/generic/pgf/modules/pgfmodulematrix.code.tex) (c:/Users/shar_sp/AppData/Roaming/TinyTeX/texmf-dist/tex/generic/pgf/frontendlayer/tikz/libraries/tikzlibrarytopaths.code.tex))) (c:/Users/shar_sp/AppData/Roaming/TinyTeX/texmf-dist/tex/generic/pgf/frontendlayer/tikz/libraries/tikzlibrarycalc.code.tex) (c:/Users/shar_sp/AppData/Roaming/TinyTeX/texmf-dist/tex/generic/pgf/libraries/pgflibraryarrows.meta.code.tex) (c:/Users/shar_sp/AppData/Roaming/TinyTeX/texmf-dist/tex/latex/caption/subcaption.sty) (c:/Users/shar_sp/AppData/Roaming/TinyTeX/texmf-dist/tex/latex/newtx/ot1ntxtlf.fd) (./Main_submission_V2.aux) (c:/Users/shar_sp/AppData/Roaming/TinyTeX/texmf-dist/tex/latex/newtx/omlntxmi.fd) (c:/Users/shar_sp/AppData/Roaming/TinyTeX/texmf-dist/tex/latex/newtx/untxexa.fd) (c:/Users/shar_sp/AppData/Roaming/TinyTeX/texmf-dist/tex/latex/newtx/lmsntxsy.fd) (c:/Users/shar_sp/AppData/Roaming/TinyTeX/texmf-dist/tex/latex/newtx/lmxntxexx.fd) (c:/Users/shar_sp/AppData/Roaming/TinyTeX/texmf-dist/tex/context/base/mkii/supp-pdf.mkii
[Loading MPS to PDF converter (version 2006.09.02).]
)

Package hyperref Warning: Height of page (\paperheight) is invalid (0.0pt),
(hyperref)                using 11in.

(./lineno-FLM.sty (c:/Users/shar_sp/AppData/Roaming/TinyTeX/texmf-dist/tex/latex/lineno/lineno.sty)) (c:/Users/shar_sp/AppData/Roaming/TinyTeX/texmf-dist/tex/latex/newtx/ot1minntx.fd) (c:/Users/shar_sp/AppData/Roaming/TinyTeX/texmf-dist/tex/latex/amsfonts/umsa.fd) (c:/Users/shar_sp/AppData/Roaming/TinyTeX/texmf-dist/tex/latex/amsfonts/umsb.fd) (c:/Users/shar_sp/AppData/Roaming/TinyTeX/texmf-dist/tex/latex/newtx/untxmia.fd) (c:/Users/shar_sp/AppData/Roaming/TinyTeX/texmf-dist/tex/latex/newtx/untxsym.fd) (c:/Users/shar_sp/AppData/Roaming/TinyTeX/texmf-dist/tex/latex/newtx/untxsyc.fd)

Package natbib Warning: Citation `BatchelorProudman1954' on page 1 undefined on input line 98.


Package natbib Warning: Citation `TownsendBook' on page 1 undefined on input line 98.


Package natbib Warning: Citation `Hunt1973' on page 1 undefined on input line 99.


Package natbib Warning: Citation `Goldstein1978' on page 1 undefined on input line 99.


Package natbib Warning: Citation `MillsCorrsin1959' on page 1 undefined on input line 102.


Package natbib Warning: Citation `TuckerReynolds1968' on page 1 undefined on input line 102.


Package natbib Warning: Citation `LeeReynolds1985' on page 1 undefined on input line 102.


Package natbib Warning: Citation `Ribner1953' on page 1 undefined on input line 104.


Package natbib Warning: Citation `HuntCarruthers1990' on page 1 undefined on input line 105.


Package natbib Warning: Citation `Britter1981' on page 1 undefined on input line 105.


Package natbib Warning: Citation `HuntGraham1978' on page 1 undefined on input line 107.


Package natbib Warning: Citation `GoldsteinAtassi1976' on page 1 undefined on input line 107.


Underfull \vbox (badness 10000) has occurred while \output is active
Underfull \vbox (badness 10000) has occurred while \output is active
Underfull \hbox (badness 10000) has occurred while \output is active


Overfull \hbox (1.0pt too wide) has occurred while \output is active
[]

Overfull \vbox (34.02812pt too high) has occurred while \output is active

Package xcolor Warning: Incompatible color definition on input line 111.

[1{c:/Users/shar_sp/AppData/Roaming/TinyTeX/texmf-var/fonts/map/pdftex/updmap/pdftex.map}{c:/Users/shar_sp/AppData/Roaming/TinyTeX/texmf-dist/fonts/enc/dvips/newtx/ntx-ot1-tlf.enc}
Non-PDF special ignored!
<special> papersize=174mm,247mm
]

Package natbib Warning: Citation `LeeReynolds1985' on page 2 undefined on input line 114.


Package natbib Warning: Citation `HuntCarruthers1990' on page 2 undefined on input line 118.


Package natbib Warning: Citation `Sagaut2008' on page 2 undefined on input line 118.


Package natbib Warning: Citation `LaunderReeceRodi1975' on page 2 undefined on input line 125.


Package natbib Warning: Citation `Pope2000' on page 2 undefined on input line 125.


Package natbib Warning: Citation `Amiet1975' on page 2 undefined on input line 139.


Package natbib Warning: Citation `Sears1941' on page 2 undefined on input line 140.


Package natbib Warning: Citation `Curle1955' on page 2 undefined on input line 141.


Package natbib Warning: Citation `FfowcsWilliams1969' on page 2 undefined on input line 142.


Package natbib Warning: Citation `PatersonAmiet1977' on page 2 undefined on input line 146.


Package natbib Warning: Citation `RogerMoreau2010' on page 2 undefined on input line 146.


Package natbib Warning: Citation `vonKarman1948' on page 2 undefined on input line 149.


Package natbib Warning: Citation `HuntGraham1978' on page 2 undefined on input line 155.


Underfull \vbox (badness 10000) has occurred while \output is active
Underfull \vbox (badness 10000) has occurred while \output is active
Overfull \hbox (1.61096pt too wide) has occurred while \output is active
[] 
[2]

Package natbib Warning: Citation `KimHaeri2015' on page 3 undefined on input line 168.


Package natbib Warning: Citation `Kerstein1991' on page 3 undefined on input line 171.


Package natbib Warning: Citation `Kerstein1999' on page 3 undefined on input line 172.


Package natbib Warning: Citation `Kerstein1999' on page 3 undefined on input line 178.


Package natbib Warning: Citation `Kerstein1991' on page 3 undefined on input line 183.


Package natbib Warning: Citation `Kerstein2001' on page 3 undefined on input line 184.


Package natbib Warning: Citation `WunschKerstein2001' on page 3 undefined on input line 186.


Package natbib Warning: Citation `Kerstein2001' on page 3 undefined on input line 186.


Package natbib Warning: Citation `AshurstKerstein2005' on page 3 undefined on input line 188.


Package natbib Warning: Citation `Lignell2013' on page 3 undefined on input line 189.


Package natbib Warning: Citation `StephensLignell2021' on page 3 undefined on input line 189.


Package natbib Warning: Citation `Lignell2018' on page 3 undefined on input line 190.


Package natbib Warning: Citation `SchmidtKerstein2010' on page 3 undefined on input line 192.


Package natbib Warning: Citation `SharmaKleinSchmidt2022' on page 3 undefined on input line 196.


Package natbib Warning: Citation `MedinaMendez2023' on page 3 undefined on input line 196.


Underfull \vbox (badness 10000) has occurred while \output is active
Underfull \vbox (badness 10000) has occurred while \output is active [3]

Package natbib Warning: Citation `Pope2000' on page 4 undefined on input line 221.


Package natbib Warning: Citation `ChenMeneveauKatz2006' on page 4 undefined on input line 258.


Package natbib Warning: Citation `LeeReynolds1985' on page 4 undefined on input line 259.

(c:/Users/shar_sp/AppData/Roaming/TinyTeX/texmf-dist/tex/latex/newtx/ts1ntxtlf.fd)

Package natbib Warning: Citation `Kerstein1999' on page 4 undefined on input line 282.


Package natbib Warning: Citation `Kerstein2001' on page 4 undefined on input line 282.


Package natbib Warning: Citation `Pope2000' on page 4 undefined on input line 283.


Package xcolor Warning: Incompatible color definition on input line 286.

[4{c:/Users/shar_sp/AppData/Roaming/TinyTeX/texmf-dist/fonts/enc/dvips/tex-gyre/q-ts1.enc}]

Package natbib Warning: Citation `Kerstein2001' on page 5 undefined on input line 291.


Package natbib Warning: Citation `AshurstKerstein2005' on page 5 undefined on input line 309.


Package natbib Warning: Citation `Kerstein1991' on page 5 undefined on input line 323.


Package natbib Warning: Citation `Kerstein1999' on page 5 undefined on input line 323.


Package natbib Warning: Citation `Kerstein2001' on page 5 undefined on input line 343.

[5]

Package natbib Warning: Citation `Kerstein1999' on page 6 undefined on input line 370.


Package natbib Warning: Citation `WunschKerstein2001' on page 6 undefined on input line 371.


Package natbib Warning: Citation `Kerstein2001' on page 6 undefined on input line 371.

(c:/Users/shar_sp/AppData/Roaming/TinyTeX/texmf-dist/tex/latex/tex-gyre/ot1qhv.fd)

Package natbib Warning: Citation `Kerstein2001' on page 6 undefined on input line 400.


Package natbib Warning: Citation `Kerstein1999' on page 6 undefined on input line 437.


Package natbib Warning: Citation `StephensLignell2021' on page 6 undefined on input line 439.


Package natbib Warning: Citation `Kerstein1999' on page 6 undefined on input line 445.


Package natbib Warning: Citation `Kerstein2001' on page 6 undefined on input line 449.


Overfull \hbox (1.61096pt too wide) has occurred while \output is active
[] 
[6{c:/Users/shar_sp/AppData/Roaming/TinyTeX/texmf-dist/fonts/enc/dvips/tex-gyre/q-rm.enc}]

Package natbib Warning: Citation `Pope2000' on page 7 undefined on input line 497.


Package natbib Warning: Citation `Pope2000' on page 7 undefined on input line 509.


Package natbib Warning: Citation `BatchelorProudman1954' on page 7 undefined on input line 515.


Package natbib Warning: Citation `Hunt1973' on page 7 undefined on input line 515.


Package natbib Warning: Citation `HuntCarruthers1990' on page 7 undefined on input line 515.

[7]
Overfull \hbox (1.61096pt too wide) has occurred while \output is active
[] 
[8] [9{c:/Users/shar_sp/AppData/Roaming/TinyTeX/texmf-dist/fonts/enc/dvips/newtx/ntx-ot1-tlf-pc.enc}]

Package natbib Warning: Citation `Crow1968' on page 10 undefined on input line 744.


Package natbib Warning: Citation `LaunderReeceRodi1975' on page 10 undefined on input line 744.


Package natbib Warning: Citation `Pope2000' on page 10 undefined on input line 744.


Package natbib Warning: Citation `Crow1968' on page 10 undefined on input line 785.


Package natbib Warning: Citation `Pope2000' on page 10 undefined on input line 787.


Package xcolor Warning: Incompatible color definition on input line 789.

[10]

Package natbib Warning: Citation `LaunderReeceRodi1975' on page 11 undefined on input line 793.

[11]

Package natbib Warning: Citation `Lignell2013' on page 12 undefined on input line 914.


Overfull \hbox (1.61096pt too wide) has occurred while \output is active
[] 
[12]

Package natbib Warning: Citation `ChenMeneveauKatz2006' on page 13 undefined on input line 1004.


Package natbib Warning: Citation `LeeReynolds1985' on page 13 undefined on input line 1005.


Underfull \vbox (badness 10000) has occurred while \output is active
Underfull \vbox (badness 10000) has occurred while \output is active [13]

Package natbib Warning: Citation `LaunderReeceRodi1975' on page 14 undefined on input line 1107.


Overfull \hbox (1.61096pt too wide) has occurred while \output is active
[] 
[14] [15]
Underfull \vbox (badness 10000) has occurred while \output is active
Underfull \vbox (badness 10000) has occurred while \output is active
Overfull \hbox (1.61096pt too wide) has occurred while \output is active
[] 
[16 <./Figures/fig_components_plane.pdf> <./Figures/fig_components_axisymmetric.pdf>] [17 <./Figures/fig_upwash_amplification.pdf>]
Overfull \hbox (1.61096pt too wide) has occurred while \output is active
[] 
[18 <./Figures/fig_level1a_trajectory.pdf> <./Figures/fig_level1a_trajectory_kt.pdf>]

Package natbib Warning: Citation `BatchelorProudman1954' on page 19 undefined on input line 1401.


Package natbib Warning: Citation `HuntCarruthers1990' on page 19 undefined on input line 1401.

[19]
Overfull \hbox (1.61096pt too wide) has occurred while \output is active
[] 
[20 <./Figures/fig_rdt_projection.pdf>]

Package natbib Warning: Citation `deSantana2016' on page 21 undefined on input line 1540.

[21 <./Figures/fig_spectrum_hs__spectra.pdf> <./Figures/fig_spectrum_hs__centroid.pdf>]

Package natbib Warning: Citation `Kolmogorov1991' on page 22 undefined on input line 1593.


Package natbib Warning: Citation `Pope2000' on page 22 undefined on input line 1595.


Overfull \hbox (1.61096pt too wide) has occurred while \output is active
[] 
[22 <./Figures/BvsC_nu1e5_spectra.pdf> <./Figures/BvsC_nu1e5_centroid.pdf>] [23 <./Figures/C_ensemble_spectra.pdf> <./Figures/C_ensemble_centroid.pdf>]

Package natbib Warning: Citation `Pope2000' on page 24 undefined on input line 1676.


Package natbib Warning: Citation `BatchelorProudman1954' on page 24 undefined on input line 1691.


Package natbib Warning: Citation `HuntCarruthers1990' on page 24 undefined on input line 1691.


Overfull \hbox (1.61096pt too wide) has occurred while \output is active
[] 
[24]

Package natbib Warning: Citation `Amiet1975' on page 25 undefined on input line 1753.


Package natbib Warning: Citation `LeeReynolds1985' on page 25 undefined on input line 1763.


Package natbib Warning: Citation `ChenMeneveauKatz2006' on page 25 undefined on input line 1840.


Package natbib Warning: Citation `LeePiomelliReynolds1986' on page 25 undefined on input line 1875.


Package natbib Warning: Citation `ChenMeneveauKatz2006' on page 25 undefined on input line 1875.


Package natbib Warning: Citation `LeePiomelliReynolds1986' on page 25 undefined on input line 1875.


Package natbib Warning: Citation `ChenMeneveauKatz2006' on page 25 undefined on input line 1875.

[25]

Package natbib Warning: Citation `LeePiomelliReynolds1986' on page 26 undefined on input line 1879.


Package natbib Warning: Citation `LeePiomelliReynolds1986' on page 26 undefined on input line 1885.


Overfull \hbox (1.61096pt too wide) has occurred while \output is active
[] 
[26 <./Figures/fig_chi_trajectory.pdf> <./Figures/fig_peak_centroid.pdf>]
Underfull \vbox (badness 3815) has occurred while \output is active
Underfull \vbox (badness 3815) has occurred while \output is active [27 <./Figures/C_kv3em6_hires_op_spectra.pdf> <./Figures/C_kv3em6_hires_op_centroid.pdf> <./Figures/fig_cmk_centroid.pdf> <./Figures/fig_cmk_energy.pdf>]

Package natbib Warning: Citation `ChenMeneveauKatz2006' on page 28 undefined on input line 1941.


Package natbib Warning: Citation `ChenMeneveauKatz2006' on page 28 undefined on input line 1941.


Package natbib Warning: Citation `LeeReynolds1985' on page 28 undefined on input line 1962.


Overfull \hbox (1.61096pt too wide) has occurred while \output is active
[] 
[28]

Package natbib Warning: Citation `LeeReynolds1985' on page 29 undefined on input line 1991.


Package natbib Warning: Citation `LeeReynolds1985' on page 29 undefined on input line 1999.


Package natbib Warning: Citation `LeeReynolds1985' on page 29 undefined on input line 2017.


Package natbib Warning: Citation `LeeReynolds1985' on page 29 undefined on input line 2023.


Package natbib Warning: Citation `LeeReynolds1985' on page 29 undefined on input line 2029.

[29 <./Figures/fig_cmk_anisotropy.pdf>]

Package natbib Warning: Citation `LeeReynolds1985' on page 30 undefined on input line 2055.


Package natbib Warning: Citation `LeeReynolds1985' on page 30 undefined on input line 2055.


Package natbib Warning: Citation `LeeReynolds1985' on page 30 undefined on input line 2061.


Package natbib Warning: Citation `LeeReynolds1985' on page 30 undefined on input line 2070.


Overfull \hbox (1.61096pt too wide) has occurred while \output is active
[] 
[30 <./Figures/fig_LR_plane.pdf>]

Package natbib Warning: Citation `LeeReynolds1985' on page 31 undefined on input line 2106.


Package natbib Warning: Citation `LeeReynolds1985' on page 31 undefined on input line 2106.


Underfull \vbox (badness 10000) has occurred while \output is active
Underfull \vbox (badness 10000) has occurred while \output is active [31 <./Figures/fig_LR_axisym.pdf>]

Package natbib Warning: Citation `LeeReynolds1985' on page 32 undefined on input line 2170.


Package natbib Warning: Citation `LeeReynolds1985' on page 32 undefined on input line 2170.


Overfull \hbox (1.61096pt too wide) has occurred while \output is active
[] 
[32]

Package natbib Warning: Citation `LeeReynolds1985' on page 33 undefined on input line 2209.

[33 <./Figures/fig_LR_b11_closure.pdf>]

Package natbib Warning: Citation `LeeReynolds1985' on page 34 undefined on input line 2227.


Overfull \hbox (1.61096pt too wide) has occurred while \output is active
[] 
[34] [35 <./Figures/fig_threeway.pdf>]

Package natbib Warning: Citation `LaunderReeceRodi1975' on page 36 undefined on input line 2384.


Overfull \hbox (1.61096pt too wide) has occurred while \output is active
[] 
[36 <./Figures/fig_rdt_distance.pdf>]

Package natbib Warning: Citation `Pope2000' on page 37 undefined on input line 2434.


Package natbib Warning: Citation `BatchelorProudman1954' on page 37 undefined on input line 2467.


Package natbib Warning: Citation `Crow1968' on page 37 undefined on input line 2467.


Package natbib Warning: Citation `HuntCarruthers1990' on page 37 undefined on input line 2467.

[37]
Overfull \hbox (0.50798pt too wide) in paragraph at lines 2501--2513
\OT1/minntx/m/n/10.74011 the one-dimensional spec-tra ob-tained by in-te-grat-ing $\OML/ntxmi/m/it/10.74011 ^^H[]$ \OT1/minntx/m/n/10.74011 over the two un-re-solved wavenum-

Overfull \hbox (14.10033pt too wide) in paragraph at lines 2537--2541
[]\OT1/minntx/m/n/10.74011 Under A1 the an-gu-lar in-te-gral in [] can be car-ried out. Writ-ing $[] \U/ntxmia/m/it/10.74011 = \LMS/ntxsy/m/n/10.74011 ¹\OML/ntxmi/m/it/10.74011 ^^T[] [] ^^R;  ^^T[];  ^^T[] [] ^^R\LMS/ntxsy/m/n/10.74011 º$

Package natbib Warning: Citation `Batchelor1946' on page 38 undefined on input line 2568.


Package natbib Warning: Citation `ChandrasekharAxisym1950' on page 38 undefined on input line 2568.


Overfull \hbox (1.61096pt too wide) has occurred while \output is active
[] 
[38]

Package natbib Warning: Citation `Crow1968' on page 39 undefined on input line 2606.


Package natbib Warning: Citation `LaunderReeceRodi1975' on page 39 undefined on input line 2635.

[39]

Package natbib Warning: Citation `Crow1968' on page 40 undefined on input line 2677.


Package natbib Warning: Citation `LaunderReeceRodi1975' on page 40 undefined on input line 2678.


Package natbib Warning: Citation `Crow1968' on page 40 undefined on input line 2710.


Package natbib Warning: Citation `Crow1968' on page 40 undefined on input line 2710.


Overfull \hbox (1.61096pt too wide) has occurred while \output is active
[] 
[40] [41 <./Figures/fig_pi_kernels.pdf>]

Package natbib Warning: Citation `ChenMeneveauKatz2006' on page 42 undefined on input line 2791.


Package natbib Warning: Citation `LeeReynolds1985' on page 42 undefined on input line 2793.


Package natbib Warning: Citation `Amiet1975' on page 42 undefined on input line 2807.


Overfull \hbox (15.25201pt too wide) in paragraph at lines 2816--2820
\OT1/minntx/m/n/10.74011 The au-thor thanks Marten Klein (Bran-den-burg Uni-ver-sity of Tech-nol-ogy Cottbus--Senftenberg)

Overfull \hbox (1.61096pt too wide) has occurred while \output is active
[] 
[42]

Package natbib Warning: Citation `swissai2025apertus' on page 43 undefined on input line 2822.

(c:/Users/shar_sp/AppData/Roaming/TinyTeX/texmf-dist/tex/latex/newtx/ot1ntxtt.fd) (./Main_submission_V2.bbl [43])

Package natbib Warning: There were undefined citations.


Overfull \hbox (1.61096pt too wide) has occurred while \output is active
[] 
[44] (./Main_submission_V2.aux

Package natbib Warning: Citation(s) may have changed.
(natbib)                Rerun to get citations correct.

)

LaTeX Warning: Label(s) may have changed. Rerun to get cross-references right.

 )
(see the transcript file for additional information)<c:/Users/shar_sp/AppData/Roaming/TinyTeX/texmf-dist/fonts/type1/public/newtx/NewTXBMI.pfb><c:/Users/shar_sp/AppData/Roaming/TinyTeX/texmf-dist/fonts/type1/public/newtx/NewTXMI.pfb><c:/Users/shar_sp/AppData/Roaming/TinyTeX/texmf-dist/fonts/type1/public/newtx/NewTXMI5.pfb><c:/Users/shar_sp/AppData/Roaming/TinyTeX/texmf-dist/fonts/type1/public/newtx/NewTXMI7.pfb><c:/Users/shar_sp/AppData/Roaming/TinyTeX/texmf-dist/fonts/type1/public/tex-gyre/qhvr.pfb><c:/Users/shar_sp/AppData/Roaming/TinyTeX/texmf-dist/fonts/type1/public/tex-gyre/qtmr.pfb><c:/Users/shar_sp/AppData/Roaming/TinyTeX/texmf-dist/fonts/type1/public/newtx/txexas.pfb><c:/Users/shar_sp/AppData/Roaming/TinyTeX/texmf-dist/fonts/type1/public/newtx/txexs.pfb><c:/Users/shar_sp/AppData/Roaming/TinyTeX/texmf-dist/fonts/type1/public/newtx/txmiaX.pfb><c:/Users/shar_sp/AppData/Roaming/TinyTeX/texmf-dist/fonts/type1/public/newtx/txsym.pfb><c:/Users/shar_sp/AppData/Roaming/TinyTeX/texmf-dist/fonts/type1/public/newtx/txsys.pfb><c:/Users/shar_sp/AppData/Roaming/TinyTeX/texmf-dist/fonts/type1/public/txfonts/txtt.pfb><c:/Users/shar_sp/AppData/Roaming/TinyTeX/texmf-dist/fonts/type1/public/newtx/ztmb.pfb><c:/Users/shar_sp/AppData/Roaming/TinyTeX/texmf-dist/fonts/type1/public/newtx/ztmr.pfb><c:/Users/shar_sp/AppData/Roaming/TinyTeX/texmf-dist/fonts/type1/public/newtx/ztmri.pfb>
Output written on Main_submission_V2.pdf (44 pages, 1350042 bytes).
Transcript written on Main_submission_V2.log.
Latexmk: Getting log file 'Main_submission_V2.log'
Latexmk: Examining 'Main_submission_V2.fls'
Latexmk: Examining 'Main_submission_V2.log'
Latexmk: Found input bbl file 'Main_submission_V2.bbl'
Latexmk: References changed.
Latexmk: References changed.
Latexmk: Log file says output to 'Main_submission_V2.pdf'
Latexmk: Using bibtex to make bibliography file(s).
  ===Source file 'Main_submission_V2.bbl' for 'pdflatex'
Latexmk: Found bibliography file(s):
  ./jfm.bib
Latexmk: applying rule 'bibtex Main_submission_V2'...
Rule 'bibtex Main_submission_V2':  Reasons for rerun
Changed files or newly in use/created:
  Main_submission_V2.aux

------------
Run number 2 of rule 'bibtex Main_submission_V2'
------------
------------
Running 'bibtex  "Main_submission_V2.aux"'
------------
This is BibTeX, Version 0.99e (TeX Live 2026)
The top-level auxiliary file: Main_submission_V2.aux
The style file: jfm.bst
Database file #1: jfm.bib
Warning--there's a number but no volume in MillsCorrsin1959
(There was 1 warning)
Latexmk: applying rule 'pdflatex'...
Rule 'pdflatex':  Reasons for rerun
Changed files or newly in use/created:
  Main_submission_V2.aux

------------
Run number 3 of rule 'pdflatex'
------------
------------
Running 'pdflatex  -interaction=nonstopmode -recorder  "Main_submission_V2.tex"'
------------
This is pdfTeX, Version 3.141592653-2.6-1.40.29 (TeX Live 2026) (preloaded format=pdflatex)
 restricted \write18 enabled.
entering extended mode
(./Main_submission_V2.tex
LaTeX2e <2026-06-01>
L3 programming layer <2026-07-20>
(./JFM-FLM_Au.cls

LaTeX Warning: You have requested document class `JFM-FLM_Au',
               but the document class provides `jfm'.

Document Class: jfm 2006/11/13 v1.27 Journal of Fluid Mechanics document class
(c:/Users/shar_sp/AppData/Roaming/TinyTeX/texmf-dist/tex/latex/graphics/graphicx.sty (c:/Users/shar_sp/AppData/Roaming/TinyTeX/texmf-dist/tex/latex/graphics/keyval.sty) (c:/Users/shar_sp/AppData/Roaming/TinyTeX/texmf-dist/tex/latex/graphics/graphics.sty (c:/Users/shar_sp/AppData/Roaming/TinyTeX/texmf-dist/tex/latex/graphics/trig.sty) (c:/Users/shar_sp/AppData/Roaming/TinyTeX/texmf-dist/tex/latex/graphics-cfg/graphics.cfg) (c:/Users/shar_sp/AppData/Roaming/TinyTeX/texmf-dist/tex/latex/graphics-def/pdftex.def))) (c:/Users/shar_sp/AppData/Roaming/TinyTeX/texmf-dist/tex/latex/hyperref/hyperref.sty (c:/Users/shar_sp/AppData/Roaming/TinyTeX/texmf-dist/tex/generic/iftex/iftex.sty) (c:/Users/shar_sp/AppData/Roaming/TinyTeX/texmf-dist/tex/latex/kvsetkeys/kvsetkeys.sty) (c:/Users/shar_sp/AppData/Roaming/TinyTeX/texmf-dist/tex/generic/kvdefinekeys/kvdefinekeys.sty) (c:/Users/shar_sp/AppData/Roaming/TinyTeX/texmf-dist/tex/generic/pdfescape/pdfescape.sty (c:/Users/shar_sp/AppData/Roaming/TinyTeX/texmf-dist/tex/generic/ltxcmds/ltxcmds.sty) (c:/Users/shar_sp/AppData/Roaming/TinyTeX/texmf-dist/tex/generic/pdftexcmds/pdftexcmds.sty (c:/Users/shar_sp/AppData/Roaming/TinyTeX/texmf-dist/tex/generic/infwarerr/infwarerr.sty))) (c:/Users/shar_sp/AppData/Roaming/TinyTeX/texmf-dist/tex/latex/hycolor/hycolor.sty) (c:/Users/shar_sp/AppData/Roaming/TinyTeX/texmf-dist/tex/latex/hyperref/nameref.sty (c:/Users/shar_sp/AppData/Roaming/TinyTeX/texmf-dist/tex/latex/refcount/refcount.sty) (c:/Users/shar_sp/AppData/Roaming/TinyTeX/texmf-dist/tex/generic/gettitlestring/gettitlestring.sty (c:/Users/shar_sp/AppData/Roaming/TinyTeX/texmf-dist/tex/latex/kvoptions/kvoptions.sty))) (c:/Users/shar_sp/AppData/Roaming/TinyTeX/texmf-dist/tex/latex/etoolbox/etoolbox.sty) (c:/Users/shar_sp/AppData/Roaming/TinyTeX/texmf-dist/tex/generic/stringenc/stringenc.sty) (c:/Users/shar_sp/AppData/Roaming/TinyTeX/texmf-dist/tex/latex/hyperref/pd1enc.def) (c:/Users/shar_sp/AppData/Roaming/TinyTeX/texmf-dist/tex/generic/intcalc/intcalc.sty) (c:/Users/shar_sp/AppData/Roaming/TinyTeX/texmf-dist/tex/latex/hyperref/puenc.def) (c:/Users/shar_sp/AppData/Roaming/TinyTeX/texmf-dist/tex/latex/url/url.sty) (c:/Users/shar_sp/AppData/Roaming/TinyTeX/texmf-dist/tex/generic/bitset/bitset.sty (c:/Users/shar_sp/AppData/Roaming/TinyTeX/texmf-dist/tex/generic/bigintcalc/bigintcalc.sty))

Package hyperref Warning: Option `pdfpagelabels' is turned off
(hyperref)                because \thepage is undefined.

) (c:/Users/shar_sp/AppData/Roaming/TinyTeX/texmf-dist/tex/latex/hyperref/hpdftex.def (c:/Users/shar_sp/AppData/Roaming/TinyTeX/texmf-dist/tex/latex/rerunfilecheck/rerunfilecheck.sty (c:/Users/shar_sp/AppData/Roaming/TinyTeX/texmf-dist/tex/generic/uniquecounter/uniquecounter.sty))) (c:/Users/shar_sp/AppData/Roaming/TinyTeX/texmf-dist/tex/latex/bookmark/bookmark.sty (c:/Users/shar_sp/AppData/Roaming/TinyTeX/texmf-dist/tex/latex/l3backend/l3backend-pdftex.def) (c:/Users/shar_sp/AppData/Roaming/TinyTeX/texmf-dist/tex/latex/bookmark/bkm-pdftex.def)) (c:/Users/shar_sp/AppData/Roaming/TinyTeX/texmf-dist/tex/latex/breakurl/breakurl.sty (c:/Users/shar_sp/AppData/Roaming/TinyTeX/texmf-dist/tex/latex/xkeyval/xkeyval.sty (c:/Users/shar_sp/AppData/Roaming/TinyTeX/texmf-dist/tex/generic/xkeyval/xkeyval.tex (c:/Users/shar_sp/AppData/Roaming/TinyTeX/texmf-dist/tex/generic/xkeyval/xkvutils.tex))) (c:/Users/shar_sp/AppData/Roaming/TinyTeX/texmf-dist/tex/generic/iftex/ifpdf.sty)

Package breakurl Warning: You are using breakurl while processing via pdflatex.
(breakurl)                \burl will be just a synonym of \url.
(breakurl)                 on input line 48.

) (c:/Users/shar_sp/AppData/Roaming/TinyTeX/texmf-dist/tex/latex/booktabs/booktabs.sty) (c:/Users/shar_sp/AppData/Roaming/TinyTeX/texmf-dist/tex/latex/colortbl/colortbl.sty (c:/Users/shar_sp/AppData/Roaming/TinyTeX/texmf-dist/tex/latex/tools/array.sty) (c:/Users/shar_sp/AppData/Roaming/TinyTeX/texmf-dist/tex/latex/graphics/color.sty (c:/Users/shar_sp/AppData/Roaming/TinyTeX/texmf-dist/tex/latex/graphics-cfg/color.cfg) (c:/Users/shar_sp/AppData/Roaming/TinyTeX/texmf-dist/tex/latex/graphics/mathcolor.ltx))
new hooks used!!
) (c:/Users/shar_sp/AppData/Roaming/TinyTeX/texmf-dist/tex/latex/algorithm2e/algorithm2e.sty (c:/Users/shar_sp/AppData/Roaming/TinyTeX/texmf-dist/tex/latex/base/ifthen.sty) (c:/Users/shar_sp/AppData/Roaming/TinyTeX/texmf-dist/tex/latex/ifoddpage/ifoddpage.sty) (c:/Users/shar_sp/AppData/Roaming/TinyTeX/texmf-dist/tex/latex/tools/xspace.sty) (c:/Users/shar_sp/AppData/Roaming/TinyTeX/texmf-dist/tex/latex/relsize/relsize.sty

Package relsize Warning: Failed to get list of defined font sizes.
(relsize)                Size scaling will attempt arbitrary sizes..

)) (c:/Users/shar_sp/AppData/Roaming/TinyTeX/texmf-dist/tex/latex/tools/calc.sty) (c:/Users/shar_sp/AppData/Roaming/TinyTeX/texmf-dist/tex/generic/soul/soul.sty (c:/Users/shar_sp/AppData/Roaming/TinyTeX/texmf-dist/tex/generic/soul/soul-ori.sty) (c:/Users/shar_sp/AppData/Roaming/TinyTeX/texmf-dist/tex/generic/etexcmds/etexcmds.sty)) (c:/Users/shar_sp/AppData/Roaming/TinyTeX/texmf-dist/tex/latex/epstopdf-pkg/epstopdf.sty (c:/Users/shar_sp/AppData/Roaming/TinyTeX/texmf-dist/tex/latex/grfext/grfext.sty) (c:/Users/shar_sp/AppData/Roaming/TinyTeX/texmf-dist/tex/latex/epstopdf-pkg/epstopdf-base.sty (c:/Users/shar_sp/AppData/Roaming/TinyTeX/texmf-dist/tex/latex/latexconfig/epstopdf-sys.cfg)))

LaTeX Warning: Command `\theenumv' already defined -- not changed on input line 985.


LaTeX Warning: Command `\theenumvi' already defined -- not changed on input line 986.


LaTeX Warning: Command `\theenumvii' already defined -- not changed on input line 987.


LaTeX Warning: Command `\theenumviii' already defined -- not changed on input line 988.


LaTeX Warning: Command `\theenumix' already defined -- not changed on input line 989.


LaTeX Warning: Command `\theenumx' already defined -- not changed on input line 990.

(c:/Users/shar_sp/AppData/Roaming/TinyTeX/texmf-dist/tex/latex/caption/caption.sty (c:/Users/shar_sp/AppData/Roaming/TinyTeX/texmf-dist/tex/latex/caption/caption3.sty)

Package caption Warning: Unknown document class (or package),
(caption)                standard defaults will be used.
See the caption package documentation for explanation.

)

Found the 'amsbsy' package on the system, using it.

(c:/Users/shar_sp/AppData/Roaming/TinyTeX/texmf-dist/tex/latex/amsmath/amsbsy.sty (c:/Users/shar_sp/AppData/Roaming/TinyTeX/texmf-dist/tex/latex/amsmath/amsgen.sty))

Found AMS Euler Roman fonts on the system, but you dont seem to have the
'upmath' package installed. JFM.cls can take advantage of these fonts,
if you use 'upmath' package.



Found AMS Symbol fonts on the system, using the 'amssymb' package.

(c:/Users/shar_sp/AppData/Roaming/TinyTeX/texmf-dist/tex/latex/amsfonts/amssymb.sty (c:/Users/shar_sp/AppData/Roaming/TinyTeX/texmf-dist/tex/latex/amsfonts/amsfonts.sty)) (c:/Users/shar_sp/AppData/Roaming/TinyTeX/texmf-dist/tex/latex/newtx/newtxtext.sty `newtxtext' v1.744, 2024/04/01 Text macros taking advantage of TeXGyre Termes and its extensions (msharpe) (c:/Users/shar_sp/AppData/Roaming/TinyTeX/texmf-dist/tex/latex/xpatch/xpatch.sty (c:/Users/shar_sp/AppData/Roaming/TinyTeX/texmf-dist/tex/latex/l3kernel/expl3.sty) (c:/Users/shar_sp/AppData/Roaming/TinyTeX/texmf-dist/tex/latex/l3packages/xparse/xparse.sty)) (c:/Users/shar_sp/AppData/Roaming/TinyTeX/texmf-dist/tex/latex/xcolor/xcolor.sty (c:/Users/shar_sp/AppData/Roaming/TinyTeX/texmf-dist/tex/latex/graphics-cfg/color.cfg) (c:/Users/shar_sp/AppData/Roaming/TinyTeX/texmf-dist/tex/latex/graphics/mathcolor.ltx)) (c:/Users/shar_sp/AppData/Roaming/TinyTeX/texmf-dist/tex/latex/base/textcomp.sty) (c:/Users/shar_sp/AppData/Roaming/TinyTeX/texmf-dist/tex/generic/xstring/xstring.sty (c:/Users/shar_sp/AppData/Roaming/TinyTeX/texmf-dist/tex/generic/xstring/xstring.tex)) (c:/Users/shar_sp/AppData/Roaming/TinyTeX/texmf-dist/tex/latex/carlisle/scalefnt.sty) (c:/Users/shar_sp/AppData/Roaming/TinyTeX/texmf-dist/tex/generic/kastrup/binhex.tex) (c:/Users/shar_sp/AppData/Roaming/TinyTeX/texmf-dist/tex/latex/fontaxes/fontaxes.sty (c:/Users/shar_sp/AppData/Roaming/TinyTeX/texmf-dist/tex/latex/figureversions/figureversions.sty))) (c:/Users/shar_sp/AppData/Roaming/TinyTeX/texmf-dist/tex/latex/newtx/newtxmath.sty `newtxmath' v1.754, 2024/09/22 Math macros based originally on txfonts (msharpe) (c:/Users/shar_sp/AppData/Roaming/TinyTeX/texmf-dist/tex/latex/amsmath/amsmath.sty
For additional information on amsmath, use the `?' option.
(c:/Users/shar_sp/AppData/Roaming/TinyTeX/texmf-dist/tex/latex/amsmath/amstext.sty) (c:/Users/shar_sp/AppData/Roaming/TinyTeX/texmf-dist/tex/latex/amsmath/amsopn.sty)) (c:/Users/shar_sp/AppData/Roaming/TinyTeX/texmf-dist/tex/latex/oberdiek/centernot.sty) (c:/Users/shar_sp/AppData/Roaming/TinyTeX/texmf-dist/tex/generic/kastrup/binhex.tex)
amsthm NOT loaded
) (c:/Users/shar_sp/AppData/Roaming/TinyTeX/texmf-dist/tex/latex/natbib/natbib.sty)) (c:/Users/shar_sp/AppData/Roaming/TinyTeX/texmf-dist/tex/latex/pgf/frontendlayer/tikz.sty (c:/Users/shar_sp/AppData/Roaming/TinyTeX/texmf-dist/tex/latex/pgf/basiclayer/pgf.sty (c:/Users/shar_sp/AppData/Roaming/TinyTeX/texmf-dist/tex/latex/pgf/utilities/pgfrcs.sty (c:/Users/shar_sp/AppData/Roaming/TinyTeX/texmf-dist/tex/generic/pgf/utilities/pgfutil-common.tex) (c:/Users/shar_sp/AppData/Roaming/TinyTeX/texmf-dist/tex/generic/pgf/utilities/pgfutil-latex.def) (c:/Users/shar_sp/AppData/Roaming/TinyTeX/texmf-dist/tex/generic/pgf/utilities/pgfrcs.code.tex (c:/Users/shar_sp/AppData/Roaming/TinyTeX/texmf-dist/tex/generic/pgf/pgf.revision.tex))) (c:/Users/shar_sp/AppData/Roaming/TinyTeX/texmf-dist/tex/latex/pgf/basiclayer/pgfcore.sty (c:/Users/shar_sp/AppData/Roaming/TinyTeX/texmf-dist/tex/latex/pgf/systemlayer/pgfsys.sty (c:/Users/shar_sp/AppData/Roaming/TinyTeX/texmf-dist/tex/generic/pgf/systemlayer/pgfsys.code.tex (c:/Users/shar_sp/AppData/Roaming/TinyTeX/texmf-dist/tex/generic/pgf/utilities/pgfkeys.code.tex (c:/Users/shar_sp/AppData/Roaming/TinyTeX/texmf-dist/tex/generic/pgf/utilities/pgfkeyslibraryfiltered.code.tex)) (c:/Users/shar_sp/AppData/Roaming/TinyTeX/texmf-dist/tex/generic/pgf/systemlayer/pgf.cfg) (c:/Users/shar_sp/AppData/Roaming/TinyTeX/texmf-dist/tex/generic/pgf/systemlayer/pgfsys-pdftex.def (c:/Users/shar_sp/AppData/Roaming/TinyTeX/texmf-dist/tex/generic/pgf/systemlayer/pgfsys-common-pdf.def))) (c:/Users/shar_sp/AppData/Roaming/TinyTeX/texmf-dist/tex/generic/pgf/systemlayer/pgfsyssoftpath.code.tex) (c:/Users/shar_sp/AppData/Roaming/TinyTeX/texmf-dist/tex/generic/pgf/systemlayer/pgfsysprotocol.code.tex)) (c:/Users/shar_sp/AppData/Roaming/TinyTeX/texmf-dist/tex/generic/pgf/basiclayer/pgfcore.code.tex (c:/Users/shar_sp/AppData/Roaming/TinyTeX/texmf-dist/tex/generic/pgf/math/pgfmath.code.tex (c:/Users/shar_sp/AppData/Roaming/TinyTeX/texmf-dist/tex/generic/pgf/math/pgfmathutil.code.tex) (c:/Users/shar_sp/AppData/Roaming/TinyTeX/texmf-dist/tex/generic/pgf/math/pgfmathparser.code.tex) (c:/Users/shar_sp/AppData/Roaming/TinyTeX/texmf-dist/tex/generic/pgf/math/pgfmathfunctions.code.tex) (c:/Users/shar_sp/AppData/Roaming/TinyTeX/texmf-dist/tex/generic/pgf/math/pgfmathfunctions.basic.code.tex) (c:/Users/shar_sp/AppData/Roaming/TinyTeX/texmf-dist/tex/generic/pgf/math/pgfmathfunctions.trigonometric.code.tex) (c:/Users/shar_sp/AppData/Roaming/TinyTeX/texmf-dist/tex/generic/pgf/math/pgfmathfunctions.random.code.tex) (c:/Users/shar_sp/AppData/Roaming/TinyTeX/texmf-dist/tex/generic/pgf/math/pgfmathfunctions.comparison.code.tex) (c:/Users/shar_sp/AppData/Roaming/TinyTeX/texmf-dist/tex/generic/pgf/math/pgfmathfunctions.base.code.tex) (c:/Users/shar_sp/AppData/Roaming/TinyTeX/texmf-dist/tex/generic/pgf/math/pgfmathfunctions.round.code.tex) (c:/Users/shar_sp/AppData/Roaming/TinyTeX/texmf-dist/tex/generic/pgf/math/pgfmathfunctions.misc.code.tex) (c:/Users/shar_sp/AppData/Roaming/TinyTeX/texmf-dist/tex/generic/pgf/math/pgfmathfunctions.integerarithmetics.code.tex) (c:/Users/shar_sp/AppData/Roaming/TinyTeX/texmf-dist/tex/generic/pgf/math/pgfmathcalc.code.tex) (c:/Users/shar_sp/AppData/Roaming/TinyTeX/texmf-dist/tex/generic/pgf/math/pgfmathfloat.code.tex)) (c:/Users/shar_sp/AppData/Roaming/TinyTeX/texmf-dist/tex/generic/pgf/math/pgfint.code.tex) (c:/Users/shar_sp/AppData/Roaming/TinyTeX/texmf-dist/tex/generic/pgf/basiclayer/pgfcorepoints.code.tex) (c:/Users/shar_sp/AppData/Roaming/TinyTeX/texmf-dist/tex/generic/pgf/basiclayer/pgfcorepathconstruct.code.tex) (c:/Users/shar_sp/AppData/Roaming/TinyTeX/texmf-dist/tex/generic/pgf/basiclayer/pgfcorepathusage.code.tex) (c:/Users/shar_sp/AppData/Roaming/TinyTeX/texmf-dist/tex/generic/pgf/basiclayer/pgfcorescopes.code.tex) (c:/Users/shar_sp/AppData/Roaming/TinyTeX/texmf-dist/tex/generic/pgf/basiclayer/pgfcoregraphicstate.code.tex) (c:/Users/shar_sp/AppData/Roaming/TinyTeX/texmf-dist/tex/generic/pgf/basiclayer/pgfcoretransformations.code.tex) (c:/Users/shar_sp/AppData/Roaming/TinyTeX/texmf-dist/tex/generic/pgf/basiclayer/pgfcorequick.code.tex) (c:/Users/shar_sp/AppData/Roaming/TinyTeX/texmf-dist/tex/generic/pgf/basiclayer/pgfcoreobjects.code.tex) (c:/Users/shar_sp/AppData/Roaming/TinyTeX/texmf-dist/tex/generic/pgf/basiclayer/pgfcorepathprocessing.code.tex) (c:/Users/shar_sp/AppData/Roaming/TinyTeX/texmf-dist/tex/generic/pgf/basiclayer/pgfcorearrows.code.tex) (c:/Users/shar_sp/AppData/Roaming/TinyTeX/texmf-dist/tex/generic/pgf/basiclayer/pgfcoreshade.code.tex) (c:/Users/shar_sp/AppData/Roaming/TinyTeX/texmf-dist/tex/generic/pgf/basiclayer/pgfcoreimage.code.tex) (c:/Users/shar_sp/AppData/Roaming/TinyTeX/texmf-dist/tex/generic/pgf/basiclayer/pgfcoreexternal.code.tex) (c:/Users/shar_sp/AppData/Roaming/TinyTeX/texmf-dist/tex/generic/pgf/basiclayer/pgfcorelayers.code.tex) (c:/Users/shar_sp/AppData/Roaming/TinyTeX/texmf-dist/tex/generic/pgf/basiclayer/pgfcoretransparency.code.tex) (c:/Users/shar_sp/AppData/Roaming/TinyTeX/texmf-dist/tex/generic/pgf/basiclayer/pgfcorepatterns.code.tex) (c:/Users/shar_sp/AppData/Roaming/TinyTeX/texmf-dist/tex/generic/pgf/basiclayer/pgfcorerdf.code.tex))) (c:/Users/shar_sp/AppData/Roaming/TinyTeX/texmf-dist/tex/generic/pgf/modules/pgfmoduleshapes.code.tex) (c:/Users/shar_sp/AppData/Roaming/TinyTeX/texmf-dist/tex/generic/pgf/modules/pgfmoduleplot.code.tex) (c:/Users/shar_sp/AppData/Roaming/TinyTeX/texmf-dist/tex/latex/pgf/compatibility/pgfcomp-version-0-65.sty) (c:/Users/shar_sp/AppData/Roaming/TinyTeX/texmf-dist/tex/latex/pgf/compatibility/pgfcomp-version-1-18.sty)) (c:/Users/shar_sp/AppData/Roaming/TinyTeX/texmf-dist/tex/latex/pgf/utilities/pgffor.sty (c:/Users/shar_sp/AppData/Roaming/TinyTeX/texmf-dist/tex/latex/pgf/utilities/pgfkeys.sty (c:/Users/shar_sp/AppData/Roaming/TinyTeX/texmf-dist/tex/generic/pgf/utilities/pgfkeys.code.tex)) (c:/Users/shar_sp/AppData/Roaming/TinyTeX/texmf-dist/tex/latex/pgf/math/pgfmath.sty (c:/Users/shar_sp/AppData/Roaming/TinyTeX/texmf-dist/tex/generic/pgf/math/pgfmath.code.tex)) (c:/Users/shar_sp/AppData/Roaming/TinyTeX/texmf-dist/tex/generic/pgf/utilities/pgffor.code.tex)) (c:/Users/shar_sp/AppData/Roaming/TinyTeX/texmf-dist/tex/generic/pgf/frontendlayer/tikz/tikz.code.tex (c:/Users/shar_sp/AppData/Roaming/TinyTeX/texmf-dist/tex/generic/pgf/libraries/pgflibraryplothandlers.code.tex) (c:/Users/shar_sp/AppData/Roaming/TinyTeX/texmf-dist/tex/generic/pgf/modules/pgfmodulematrix.code.tex) (c:/Users/shar_sp/AppData/Roaming/TinyTeX/texmf-dist/tex/generic/pgf/frontendlayer/tikz/libraries/tikzlibrarytopaths.code.tex))) (c:/Users/shar_sp/AppData/Roaming/TinyTeX/texmf-dist/tex/generic/pgf/frontendlayer/tikz/libraries/tikzlibrarycalc.code.tex) (c:/Users/shar_sp/AppData/Roaming/TinyTeX/texmf-dist/tex/generic/pgf/libraries/pgflibraryarrows.meta.code.tex) (c:/Users/shar_sp/AppData/Roaming/TinyTeX/texmf-dist/tex/latex/caption/subcaption.sty) (c:/Users/shar_sp/AppData/Roaming/TinyTeX/texmf-dist/tex/latex/newtx/ot1ntxtlf.fd) (./Main_submission_V2.aux) (c:/Users/shar_sp/AppData/Roaming/TinyTeX/texmf-dist/tex/latex/newtx/omlntxmi.fd) (c:/Users/shar_sp/AppData/Roaming/TinyTeX/texmf-dist/tex/latex/newtx/untxexa.fd) (c:/Users/shar_sp/AppData/Roaming/TinyTeX/texmf-dist/tex/latex/newtx/lmsntxsy.fd) (c:/Users/shar_sp/AppData/Roaming/TinyTeX/texmf-dist/tex/latex/newtx/lmxntxexx.fd) (c:/Users/shar_sp/AppData/Roaming/TinyTeX/texmf-dist/tex/context/base/mkii/supp-pdf.mkii
[Loading MPS to PDF converter (version 2006.09.02).]
)

Package hyperref Warning: Height of page (\paperheight) is invalid (0.0pt),
(hyperref)                using 11in.

(./lineno-FLM.sty (c:/Users/shar_sp/AppData/Roaming/TinyTeX/texmf-dist/tex/latex/lineno/lineno.sty)) (c:/Users/shar_sp/AppData/Roaming/TinyTeX/texmf-dist/tex/latex/newtx/ot1minntx.fd) (c:/Users/shar_sp/AppData/Roaming/TinyTeX/texmf-dist/tex/latex/amsfonts/umsa.fd) (c:/Users/shar_sp/AppData/Roaming/TinyTeX/texmf-dist/tex/latex/amsfonts/umsb.fd) (c:/Users/shar_sp/AppData/Roaming/TinyTeX/texmf-dist/tex/latex/newtx/untxmia.fd) (c:/Users/shar_sp/AppData/Roaming/TinyTeX/texmf-dist/tex/latex/newtx/untxsym.fd) (c:/Users/shar_sp/AppData/Roaming/TinyTeX/texmf-dist/tex/latex/newtx/untxsyc.fd)
Underfull \vbox (badness 10000) has occurred while \output is active
Underfull \vbox (badness 10000) has occurred while \output is active
Underfull \hbox (badness 10000) has occurred while \output is active


Overfull \hbox (1.0pt too wide) has occurred while \output is active
[]

Overfull \vbox (34.02812pt too high) has occurred while \output is active

Package xcolor Warning: Incompatible color definition on input line 111.

[1{c:/Users/shar_sp/AppData/Roaming/TinyTeX/texmf-var/fonts/map/pdftex/updmap/pdftex.map}{c:/Users/shar_sp/AppData/Roaming/TinyTeX/texmf-dist/fonts/enc/dvips/newtx/ntx-ot1-tlf.enc}
Non-PDF special ignored!
<special> papersize=174mm,247mm
]
Underfull \vbox (badness 10000) has occurred while \output is active
Underfull \vbox (badness 10000) has occurred while \output is active
Overfull \hbox (1.61096pt too wide) has occurred while \output is active
[] 
[2] [3] (c:/Users/shar_sp/AppData/Roaming/TinyTeX/texmf-dist/tex/latex/newtx/ts1ntxtlf.fd)

Package xcolor Warning: Incompatible color definition on input line 285.

[4{c:/Users/shar_sp/AppData/Roaming/TinyTeX/texmf-dist/fonts/enc/dvips/tex-gyre/q-ts1.enc}] [5] (c:/Users/shar_sp/AppData/Roaming/TinyTeX/texmf-dist/tex/latex/tex-gyre/ot1qhv.fd)
Overfull \hbox (1.61096pt too wide) has occurred while \output is active
[] 
[6{c:/Users/shar_sp/AppData/Roaming/TinyTeX/texmf-dist/fonts/enc/dvips/tex-gyre/q-rm.enc}] [7]
Overfull \hbox (1.61096pt too wide) has occurred while \output is active
[] 
[8] [9{c:/Users/shar_sp/AppData/Roaming/TinyTeX/texmf-dist/fonts/enc/dvips/newtx/ntx-ot1-tlf-pc.enc}]
Underfull \vbox (badness 1024) has occurred while \output is active
Underfull \vbox (badness 1024) has occurred while \output is active

Package xcolor Warning: Incompatible color definition on input line 762.

[10] [11]
Overfull \hbox (1.61096pt too wide) has occurred while \output is active
[] 
[12] [13]
Overfull \hbox (1.61096pt too wide) has occurred while \output is active
[] 
[14] [15]
Overfull \hbox (1.61096pt too wide) has occurred while \output is active
[] 
[16 <./Figures/fig_components_plane.pdf> <./Figures/fig_components_axisymmetric.pdf>] [17 <./Figures/fig_upwash_amplification.pdf>]
Underfull \vbox (badness 1478) has occurred while \output is active
Underfull \vbox (badness 1478) has occurred while \output is active
Overfull \hbox (1.61096pt too wide) has occurred while \output is active
[] 
[18 <./Figures/fig_level1a_trajectory.pdf> <./Figures/fig_level1a_trajectory_kt.pdf>] [19]
Overfull \hbox (1.61096pt too wide) has occurred while \output is active
[] 
[20] [21 <./Figures/fig_rdt_projection.pdf> <./Figures/fig_spectrum_hs__spectra.pdf> <./Figures/fig_spectrum_hs__centroid.pdf>]
Overfull \hbox (1.61096pt too wide) has occurred while \output is active
[] 
[22 <./Figures/BvsC_nu1e5_spectra.pdf> <./Figures/BvsC_nu1e5_centroid.pdf>] [23 <./Figures/C_ensemble_spectra.pdf> <./Figures/C_ensemble_centroid.pdf>]
Overfull \hbox (1.61096pt too wide) has occurred while \output is active
[] 
[24]
Underfull \vbox (badness 10000) has occurred while \output is active
Underfull \vbox (badness 10000) has occurred while \output is active [25]
Overfull \hbox (1.61096pt too wide) has occurred while \output is active
[] 
[26 <./Figures/fig_chi_trajectory.pdf> <./Figures/fig_peak_centroid.pdf>]
Underfull \vbox (badness 10000) has occurred while \output is active
Underfull \vbox (badness 10000) has occurred while \output is active [27 <./Figures/C_kv3em6_hires_op_spectra.pdf> <./Figures/C_kv3em6_hires_op_centroid.pdf> <./Figures/fig_cmk_centroid.pdf> <./Figures/fig_cmk_energy.pdf>]
Overfull \hbox (1.61096pt too wide) has occurred while \output is active
[] 
[28] [29 <./Figures/fig_cmk_anisotropy.pdf>]
Overfull \hbox (1.61096pt too wide) has occurred while \output is active
[] 
[30] [31 <./Figures/fig_LR_plane.pdf>]
Overfull \hbox (1.61096pt too wide) has occurred while \output is active
[] 
[32 <./Figures/fig_LR_axisym.pdf>] [33 <./Figures/fig_LR_b11_closure.pdf>]
Overfull \hbox (1.61096pt too wide) has occurred while \output is active
[] 
[34] [35]
Overfull \hbox (1.61096pt too wide) has occurred while \output is active
[] 
[36 <./Figures/fig_threeway.pdf> <./Figures/fig_rdt_distance.pdf>] [37]
Overfull \hbox (0.50798pt too wide) in paragraph at lines 2501--2513
\OT1/minntx/m/n/10.74011 the one-dimensional spec-tra ob-tained by in-te-grat-ing $\OML/ntxmi/m/it/10.74011 ^^H[]$ \OT1/minntx/m/n/10.74011 over the two un-re-solved wavenum-

Overfull \hbox (14.10033pt too wide) in paragraph at lines 2537--2541
[]\OT1/minntx/m/n/10.74011 Under A1 the an-gu-lar in-te-gral in [] can be car-ried out. Writ-ing $[] \U/ntxmia/m/it/10.74011 = \LMS/ntxsy/m/n/10.74011 ¹\OML/ntxmi/m/it/10.74011 ^^T[] [] ^^R;  ^^T[];  ^^T[] [] ^^R\LMS/ntxsy/m/n/10.74011 º$

Overfull \hbox (1.61096pt too wide) has occurred while \output is active
[] 
[38] [39]
Overfull \hbox (1.61096pt too wide) has occurred while \output is active
[] 
[40] [41 <./Figures/fig_pi_kernels.pdf>]
Overfull \hbox (1.61096pt too wide) has occurred while \output is active
[] 
[42]
Overfull \hbox (15.25201pt too wide) in paragraph at lines 2816--2820
\OT1/minntx/m/n/10.74011 The au-thor thanks Marten Klein (Bran-den-burg Uni-ver-sity of Tech-nol-ogy Cottbus--Senftenberg)
(c:/Users/shar_sp/AppData/Roaming/TinyTeX/texmf-dist/tex/latex/newtx/ot1ntxtt.fd) (./Main_submission_V2.bbl [43]
Underfull \vbox (badness 10000) has occurred while \output is active
Underfull \vbox (badness 10000) has occurred while \output is active
Overfull \hbox (1.61096pt too wide) has occurred while \output is active
[] 
[44]) [45] (./Main_submission_V2.aux)

LaTeX Warning: Label(s) may have changed. Rerun to get cross-references right.

 )
(see the transcript file for additional information)<c:/Users/shar_sp/AppData/Roaming/TinyTeX/texmf-dist/fonts/type1/public/newtx/NewTXBMI.pfb><c:/Users/shar_sp/AppData/Roaming/TinyTeX/texmf-dist/fonts/type1/public/newtx/NewTXMI.pfb><c:/Users/shar_sp/AppData/Roaming/TinyTeX/texmf-dist/fonts/type1/public/newtx/NewTXMI5.pfb><c:/Users/shar_sp/AppData/Roaming/TinyTeX/texmf-dist/fonts/type1/public/newtx/NewTXMI7.pfb><c:/Users/shar_sp/AppData/Roaming/TinyTeX/texmf-dist/fonts/type1/public/tex-gyre/qhvr.pfb><c:/Users/shar_sp/AppData/Roaming/TinyTeX/texmf-dist/fonts/type1/public/tex-gyre/qtmr.pfb><c:/Users/shar_sp/AppData/Roaming/TinyTeX/texmf-dist/fonts/type1/public/newtx/txexas.pfb><c:/Users/shar_sp/AppData/Roaming/TinyTeX/texmf-dist/fonts/type1/public/newtx/txexs.pfb><c:/Users/shar_sp/AppData/Roaming/TinyTeX/texmf-dist/fonts/type1/public/newtx/txmiaX.pfb><c:/Users/shar_sp/AppData/Roaming/TinyTeX/texmf-dist/fonts/type1/public/newtx/txsym.pfb><c:/Users/shar_sp/AppData/Roaming/TinyTeX/texmf-dist/fonts/type1/public/newtx/txsys.pfb><c:/Users/shar_sp/AppData/Roaming/TinyTeX/texmf-dist/fonts/type1/public/txfonts/txtt.pfb><c:/Users/shar_sp/AppData/Roaming/TinyTeX/texmf-dist/fonts/type1/public/newtx/ztmb.pfb><c:/Users/shar_sp/AppData/Roaming/TinyTeX/texmf-dist/fonts/type1/public/newtx/ztmr.pfb><c:/Users/shar_sp/AppData/Roaming/TinyTeX/texmf-dist/fonts/type1/public/newtx/ztmri.pfb>
Output written on Main_submission_V2.pdf (45 pages, 1363766 bytes).
Transcript written on Main_submission_V2.log.
Latexmk: Getting log file 'Main_submission_V2.log'
Latexmk: Examining 'Main_submission_V2.fls'
Latexmk: Examining 'Main_submission_V2.log'
Latexmk: Found input bbl file 'Main_submission_V2.bbl'
Latexmk: References changed.
Latexmk: Log file says output to 'Main_submission_V2.pdf'
Latexmk: Using bibtex to make bibliography file(s).
  ===Source file 'Main_submission_V2.bbl' for 'pdflatex'
Latexmk: Found bibliography file(s):
  ./jfm.bib
Latexmk: applying rule 'bibtex Main_submission_V2'...
Rule 'bibtex Main_submission_V2':  Reasons for rerun
Changed files or newly in use/created:
  Main_submission_V2.aux

------------
Run number 3 of rule 'bibtex Main_submission_V2'
------------
------------
Running 'bibtex  "Main_submission_V2.aux"'
------------
This is BibTeX, Version 0.99e (TeX Live 2026)
The top-level auxiliary file: Main_submission_V2.aux
The style file: jfm.bst
Database file #1: jfm.bib
Warning--there's a number but no volume in MillsCorrsin1959
(There was 1 warning)
Latexmk: applying rule 'pdflatex'...
Rule 'pdflatex':  Reasons for rerun
Changed files or newly in use/created:
  Main_submission_V2.aux

------------
Run number 4 of rule 'pdflatex'
------------
------------
Running 'pdflatex  -interaction=nonstopmode -recorder  "Main_submission_V2.tex"'
------------
This is pdfTeX, Version 3.141592653-2.6-1.40.29 (TeX Live 2026) (preloaded format=pdflatex)
 restricted \write18 enabled.
entering extended mode
(./Main_submission_V2.tex
LaTeX2e <2026-06-01>
L3 programming layer <2026-07-20>
(./JFM-FLM_Au.cls

LaTeX Warning: You have requested document class `JFM-FLM_Au',
               but the document class provides `jfm'.

Document Class: jfm 2006/11/13 v1.27 Journal of Fluid Mechanics document class
(c:/Users/shar_sp/AppData/Roaming/TinyTeX/texmf-dist/tex/latex/graphics/graphicx.sty (c:/Users/shar_sp/AppData/Roaming/TinyTeX/texmf-dist/tex/latex/graphics/keyval.sty) (c:/Users/shar_sp/AppData/Roaming/TinyTeX/texmf-dist/tex/latex/graphics/graphics.sty (c:/Users/shar_sp/AppData/Roaming/TinyTeX/texmf-dist/tex/latex/graphics/trig.sty) (c:/Users/shar_sp/AppData/Roaming/TinyTeX/texmf-dist/tex/latex/graphics-cfg/graphics.cfg) (c:/Users/shar_sp/AppData/Roaming/TinyTeX/texmf-dist/tex/latex/graphics-def/pdftex.def))) (c:/Users/shar_sp/AppData/Roaming/TinyTeX/texmf-dist/tex/latex/hyperref/hyperref.sty (c:/Users/shar_sp/AppData/Roaming/TinyTeX/texmf-dist/tex/generic/iftex/iftex.sty) (c:/Users/shar_sp/AppData/Roaming/TinyTeX/texmf-dist/tex/latex/kvsetkeys/kvsetkeys.sty) (c:/Users/shar_sp/AppData/Roaming/TinyTeX/texmf-dist/tex/generic/kvdefinekeys/kvdefinekeys.sty) (c:/Users/shar_sp/AppData/Roaming/TinyTeX/texmf-dist/tex/generic/pdfescape/pdfescape.sty (c:/Users/shar_sp/AppData/Roaming/TinyTeX/texmf-dist/tex/generic/ltxcmds/ltxcmds.sty) (c:/Users/shar_sp/AppData/Roaming/TinyTeX/texmf-dist/tex/generic/pdftexcmds/pdftexcmds.sty (c:/Users/shar_sp/AppData/Roaming/TinyTeX/texmf-dist/tex/generic/infwarerr/infwarerr.sty))) (c:/Users/shar_sp/AppData/Roaming/TinyTeX/texmf-dist/tex/latex/hycolor/hycolor.sty) (c:/Users/shar_sp/AppData/Roaming/TinyTeX/texmf-dist/tex/latex/hyperref/nameref.sty (c:/Users/shar_sp/AppData/Roaming/TinyTeX/texmf-dist/tex/latex/refcount/refcount.sty) (c:/Users/shar_sp/AppData/Roaming/TinyTeX/texmf-dist/tex/generic/gettitlestring/gettitlestring.sty (c:/Users/shar_sp/AppData/Roaming/TinyTeX/texmf-dist/tex/latex/kvoptions/kvoptions.sty))) (c:/Users/shar_sp/AppData/Roaming/TinyTeX/texmf-dist/tex/latex/etoolbox/etoolbox.sty) (c:/Users/shar_sp/AppData/Roaming/TinyTeX/texmf-dist/tex/generic/stringenc/stringenc.sty) (c:/Users/shar_sp/AppData/Roaming/TinyTeX/texmf-dist/tex/latex/hyperref/pd1enc.def) (c:/Users/shar_sp/AppData/Roaming/TinyTeX/texmf-dist/tex/generic/intcalc/intcalc.sty) (c:/Users/shar_sp/AppData/Roaming/TinyTeX/texmf-dist/tex/latex/hyperref/puenc.def) (c:/Users/shar_sp/AppData/Roaming/TinyTeX/texmf-dist/tex/latex/url/url.sty) (c:/Users/shar_sp/AppData/Roaming/TinyTeX/texmf-dist/tex/generic/bitset/bitset.sty (c:/Users/shar_sp/AppData/Roaming/TinyTeX/texmf-dist/tex/generic/bigintcalc/bigintcalc.sty))

Package hyperref Warning: Option `pdfpagelabels' is turned off
(hyperref)                because \thepage is undefined.

) (c:/Users/shar_sp/AppData/Roaming/TinyTeX/texmf-dist/tex/latex/hyperref/hpdftex.def (c:/Users/shar_sp/AppData/Roaming/TinyTeX/texmf-dist/tex/latex/rerunfilecheck/rerunfilecheck.sty (c:/Users/shar_sp/AppData/Roaming/TinyTeX/texmf-dist/tex/generic/uniquecounter/uniquecounter.sty))) (c:/Users/shar_sp/AppData/Roaming/TinyTeX/texmf-dist/tex/latex/bookmark/bookmark.sty (c:/Users/shar_sp/AppData/Roaming/TinyTeX/texmf-dist/tex/latex/l3backend/l3backend-pdftex.def) (c:/Users/shar_sp/AppData/Roaming/TinyTeX/texmf-dist/tex/latex/bookmark/bkm-pdftex.def)) (c:/Users/shar_sp/AppData/Roaming/TinyTeX/texmf-dist/tex/latex/breakurl/breakurl.sty (c:/Users/shar_sp/AppData/Roaming/TinyTeX/texmf-dist/tex/latex/xkeyval/xkeyval.sty (c:/Users/shar_sp/AppData/Roaming/TinyTeX/texmf-dist/tex/generic/xkeyval/xkeyval.tex (c:/Users/shar_sp/AppData/Roaming/TinyTeX/texmf-dist/tex/generic/xkeyval/xkvutils.tex))) (c:/Users/shar_sp/AppData/Roaming/TinyTeX/texmf-dist/tex/generic/iftex/ifpdf.sty)

Package breakurl Warning: You are using breakurl while processing via pdflatex.
(breakurl)                \burl will be just a synonym of \url.
(breakurl)                 on input line 48.

) (c:/Users/shar_sp/AppData/Roaming/TinyTeX/texmf-dist/tex/latex/booktabs/booktabs.sty) (c:/Users/shar_sp/AppData/Roaming/TinyTeX/texmf-dist/tex/latex/colortbl/colortbl.sty (c:/Users/shar_sp/AppData/Roaming/TinyTeX/texmf-dist/tex/latex/tools/array.sty) (c:/Users/shar_sp/AppData/Roaming/TinyTeX/texmf-dist/tex/latex/graphics/color.sty (c:/Users/shar_sp/AppData/Roaming/TinyTeX/texmf-dist/tex/latex/graphics-cfg/color.cfg) (c:/Users/shar_sp/AppData/Roaming/TinyTeX/texmf-dist/tex/latex/graphics/mathcolor.ltx))
new hooks used!!
) (c:/Users/shar_sp/AppData/Roaming/TinyTeX/texmf-dist/tex/latex/algorithm2e/algorithm2e.sty (c:/Users/shar_sp/AppData/Roaming/TinyTeX/texmf-dist/tex/latex/base/ifthen.sty) (c:/Users/shar_sp/AppData/Roaming/TinyTeX/texmf-dist/tex/latex/ifoddpage/ifoddpage.sty) (c:/Users/shar_sp/AppData/Roaming/TinyTeX/texmf-dist/tex/latex/tools/xspace.sty) (c:/Users/shar_sp/AppData/Roaming/TinyTeX/texmf-dist/tex/latex/relsize/relsize.sty

Package relsize Warning: Failed to get list of defined font sizes.
(relsize)                Size scaling will attempt arbitrary sizes..

)) (c:/Users/shar_sp/AppData/Roaming/TinyTeX/texmf-dist/tex/latex/tools/calc.sty) (c:/Users/shar_sp/AppData/Roaming/TinyTeX/texmf-dist/tex/generic/soul/soul.sty (c:/Users/shar_sp/AppData/Roaming/TinyTeX/texmf-dist/tex/generic/soul/soul-ori.sty) (c:/Users/shar_sp/AppData/Roaming/TinyTeX/texmf-dist/tex/generic/etexcmds/etexcmds.sty)) (c:/Users/shar_sp/AppData/Roaming/TinyTeX/texmf-dist/tex/latex/epstopdf-pkg/epstopdf.sty (c:/Users/shar_sp/AppData/Roaming/TinyTeX/texmf-dist/tex/latex/grfext/grfext.sty) (c:/Users/shar_sp/AppData/Roaming/TinyTeX/texmf-dist/tex/latex/epstopdf-pkg/epstopdf-base.sty (c:/Users/shar_sp/AppData/Roaming/TinyTeX/texmf-dist/tex/latex/latexconfig/epstopdf-sys.cfg)))

LaTeX Warning: Command `\theenumv' already defined -- not changed on input line 985.


LaTeX Warning: Command `\theenumvi' already defined -- not changed on input line 986.


LaTeX Warning: Command `\theenumvii' already defined -- not changed on input line 987.


LaTeX Warning: Command `\theenumviii' already defined -- not changed on input line 988.


LaTeX Warning: Command `\theenumix' already defined -- not changed on input line 989.


LaTeX Warning: Command `\theenumx' already defined -- not changed on input line 990.

(c:/Users/shar_sp/AppData/Roaming/TinyTeX/texmf-dist/tex/latex/caption/caption.sty (c:/Users/shar_sp/AppData/Roaming/TinyTeX/texmf-dist/tex/latex/caption/caption3.sty)

Package caption Warning: Unknown document class (or package),
(caption)                standard defaults will be used.
See the caption package documentation for explanation.

)

Found the 'amsbsy' package on the system, using it.

(c:/Users/shar_sp/AppData/Roaming/TinyTeX/texmf-dist/tex/latex/amsmath/amsbsy.sty (c:/Users/shar_sp/AppData/Roaming/TinyTeX/texmf-dist/tex/latex/amsmath/amsgen.sty))

Found AMS Euler Roman fonts on the system, but you dont seem to have the
'upmath' package installed. JFM.cls can take advantage of these fonts,
if you use 'upmath' package.



Found AMS Symbol fonts on the system, using the 'amssymb' package.

(c:/Users/shar_sp/AppData/Roaming/TinyTeX/texmf-dist/tex/latex/amsfonts/amssymb.sty (c:/Users/shar_sp/AppData/Roaming/TinyTeX/texmf-dist/tex/latex/amsfonts/amsfonts.sty)) (c:/Users/shar_sp/AppData/Roaming/TinyTeX/texmf-dist/tex/latex/newtx/newtxtext.sty `newtxtext' v1.744, 2024/04/01 Text macros taking advantage of TeXGyre Termes and its extensions (msharpe) (c:/Users/shar_sp/AppData/Roaming/TinyTeX/texmf-dist/tex/latex/xpatch/xpatch.sty (c:/Users/shar_sp/AppData/Roaming/TinyTeX/texmf-dist/tex/latex/l3kernel/expl3.sty) (c:/Users/shar_sp/AppData/Roaming/TinyTeX/texmf-dist/tex/latex/l3packages/xparse/xparse.sty)) (c:/Users/shar_sp/AppData/Roaming/TinyTeX/texmf-dist/tex/latex/xcolor/xcolor.sty (c:/Users/shar_sp/AppData/Roaming/TinyTeX/texmf-dist/tex/latex/graphics-cfg/color.cfg) (c:/Users/shar_sp/AppData/Roaming/TinyTeX/texmf-dist/tex/latex/graphics/mathcolor.ltx)) (c:/Users/shar_sp/AppData/Roaming/TinyTeX/texmf-dist/tex/latex/base/textcomp.sty) (c:/Users/shar_sp/AppData/Roaming/TinyTeX/texmf-dist/tex/generic/xstring/xstring.sty (c:/Users/shar_sp/AppData/Roaming/TinyTeX/texmf-dist/tex/generic/xstring/xstring.tex)) (c:/Users/shar_sp/AppData/Roaming/TinyTeX/texmf-dist/tex/latex/carlisle/scalefnt.sty) (c:/Users/shar_sp/AppData/Roaming/TinyTeX/texmf-dist/tex/generic/kastrup/binhex.tex) (c:/Users/shar_sp/AppData/Roaming/TinyTeX/texmf-dist/tex/latex/fontaxes/fontaxes.sty (c:/Users/shar_sp/AppData/Roaming/TinyTeX/texmf-dist/tex/latex/figureversions/figureversions.sty))) (c:/Users/shar_sp/AppData/Roaming/TinyTeX/texmf-dist/tex/latex/newtx/newtxmath.sty `newtxmath' v1.754, 2024/09/22 Math macros based originally on txfonts (msharpe) (c:/Users/shar_sp/AppData/Roaming/TinyTeX/texmf-dist/tex/latex/amsmath/amsmath.sty
For additional information on amsmath, use the `?' option.
(c:/Users/shar_sp/AppData/Roaming/TinyTeX/texmf-dist/tex/latex/amsmath/amstext.sty) (c:/Users/shar_sp/AppData/Roaming/TinyTeX/texmf-dist/tex/latex/amsmath/amsopn.sty)) (c:/Users/shar_sp/AppData/Roaming/TinyTeX/texmf-dist/tex/latex/oberdiek/centernot.sty) (c:/Users/shar_sp/AppData/Roaming/TinyTeX/texmf-dist/tex/generic/kastrup/binhex.tex)
amsthm NOT loaded
) (c:/Users/shar_sp/AppData/Roaming/TinyTeX/texmf-dist/tex/latex/natbib/natbib.sty)) (c:/Users/shar_sp/AppData/Roaming/TinyTeX/texmf-dist/tex/latex/pgf/frontendlayer/tikz.sty (c:/Users/shar_sp/AppData/Roaming/TinyTeX/texmf-dist/tex/latex/pgf/basiclayer/pgf.sty (c:/Users/shar_sp/AppData/Roaming/TinyTeX/texmf-dist/tex/latex/pgf/utilities/pgfrcs.sty (c:/Users/shar_sp/AppData/Roaming/TinyTeX/texmf-dist/tex/generic/pgf/utilities/pgfutil-common.tex) (c:/Users/shar_sp/AppData/Roaming/TinyTeX/texmf-dist/tex/generic/pgf/utilities/pgfutil-latex.def) (c:/Users/shar_sp/AppData/Roaming/TinyTeX/texmf-dist/tex/generic/pgf/utilities/pgfrcs.code.tex (c:/Users/shar_sp/AppData/Roaming/TinyTeX/texmf-dist/tex/generic/pgf/pgf.revision.tex))) (c:/Users/shar_sp/AppData/Roaming/TinyTeX/texmf-dist/tex/latex/pgf/basiclayer/pgfcore.sty (c:/Users/shar_sp/AppData/Roaming/TinyTeX/texmf-dist/tex/latex/pgf/systemlayer/pgfsys.sty (c:/Users/shar_sp/AppData/Roaming/TinyTeX/texmf-dist/tex/generic/pgf/systemlayer/pgfsys.code.tex (c:/Users/shar_sp/AppData/Roaming/TinyTeX/texmf-dist/tex/generic/pgf/utilities/pgfkeys.code.tex (c:/Users/shar_sp/AppData/Roaming/TinyTeX/texmf-dist/tex/generic/pgf/utilities/pgfkeyslibraryfiltered.code.tex)) (c:/Users/shar_sp/AppData/Roaming/TinyTeX/texmf-dist/tex/generic/pgf/systemlayer/pgf.cfg) (c:/Users/shar_sp/AppData/Roaming/TinyTeX/texmf-dist/tex/generic/pgf/systemlayer/pgfsys-pdftex.def (c:/Users/shar_sp/AppData/Roaming/TinyTeX/texmf-dist/tex/generic/pgf/systemlayer/pgfsys-common-pdf.def))) (c:/Users/shar_sp/AppData/Roaming/TinyTeX/texmf-dist/tex/generic/pgf/systemlayer/pgfsyssoftpath.code.tex) (c:/Users/shar_sp/AppData/Roaming/TinyTeX/texmf-dist/tex/generic/pgf/systemlayer/pgfsysprotocol.code.tex)) (c:/Users/shar_sp/AppData/Roaming/TinyTeX/texmf-dist/tex/generic/pgf/basiclayer/pgfcore.code.tex (c:/Users/shar_sp/AppData/Roaming/TinyTeX/texmf-dist/tex/generic/pgf/math/pgfmath.code.tex (c:/Users/shar_sp/AppData/Roaming/TinyTeX/texmf-dist/tex/generic/pgf/math/pgfmathutil.code.tex) (c:/Users/shar_sp/AppData/Roaming/TinyTeX/texmf-dist/tex/generic/pgf/math/pgfmathparser.code.tex) (c:/Users/shar_sp/AppData/Roaming/TinyTeX/texmf-dist/tex/generic/pgf/math/pgfmathfunctions.code.tex) (c:/Users/shar_sp/AppData/Roaming/TinyTeX/texmf-dist/tex/generic/pgf/math/pgfmathfunctions.basic.code.tex) (c:/Users/shar_sp/AppData/Roaming/TinyTeX/texmf-dist/tex/generic/pgf/math/pgfmathfunctions.trigonometric.code.tex) (c:/Users/shar_sp/AppData/Roaming/TinyTeX/texmf-dist/tex/generic/pgf/math/pgfmathfunctions.random.code.tex) (c:/Users/shar_sp/AppData/Roaming/TinyTeX/texmf-dist/tex/generic/pgf/math/pgfmathfunctions.comparison.code.tex) (c:/Users/shar_sp/AppData/Roaming/TinyTeX/texmf-dist/tex/generic/pgf/math/pgfmathfunctions.base.code.tex) (c:/Users/shar_sp/AppData/Roaming/TinyTeX/texmf-dist/tex/generic/pgf/math/pgfmathfunctions.round.code.tex) (c:/Users/shar_sp/AppData/Roaming/TinyTeX/texmf-dist/tex/generic/pgf/math/pgfmathfunctions.misc.code.tex) (c:/Users/shar_sp/AppData/Roaming/TinyTeX/texmf-dist/tex/generic/pgf/math/pgfmathfunctions.integerarithmetics.code.tex) (c:/Users/shar_sp/AppData/Roaming/TinyTeX/texmf-dist/tex/generic/pgf/math/pgfmathcalc.code.tex) (c:/Users/shar_sp/AppData/Roaming/TinyTeX/texmf-dist/tex/generic/pgf/math/pgfmathfloat.code.tex)) (c:/Users/shar_sp/AppData/Roaming/TinyTeX/texmf-dist/tex/generic/pgf/math/pgfint.code.tex) (c:/Users/shar_sp/AppData/Roaming/TinyTeX/texmf-dist/tex/generic/pgf/basiclayer/pgfcorepoints.code.tex) (c:/Users/shar_sp/AppData/Roaming/TinyTeX/texmf-dist/tex/generic/pgf/basiclayer/pgfcorepathconstruct.code.tex) (c:/Users/shar_sp/AppData/Roaming/TinyTeX/texmf-dist/tex/generic/pgf/basiclayer/pgfcorepathusage.code.tex) (c:/Users/shar_sp/AppData/Roaming/TinyTeX/texmf-dist/tex/generic/pgf/basiclayer/pgfcorescopes.code.tex) (c:/Users/shar_sp/AppData/Roaming/TinyTeX/texmf-dist/tex/generic/pgf/basiclayer/pgfcoregraphicstate.code.tex) (c:/Users/shar_sp/AppData/Roaming/TinyTeX/texmf-dist/tex/generic/pgf/basiclayer/pgfcoretransformations.code.tex) (c:/Users/shar_sp/AppData/Roaming/TinyTeX/texmf-dist/tex/generic/pgf/basiclayer/pgfcorequick.code.tex) (c:/Users/shar_sp/AppData/Roaming/TinyTeX/texmf-dist/tex/generic/pgf/basiclayer/pgfcoreobjects.code.tex) (c:/Users/shar_sp/AppData/Roaming/TinyTeX/texmf-dist/tex/generic/pgf/basiclayer/pgfcorepathprocessing.code.tex) (c:/Users/shar_sp/AppData/Roaming/TinyTeX/texmf-dist/tex/generic/pgf/basiclayer/pgfcorearrows.code.tex) (c:/Users/shar_sp/AppData/Roaming/TinyTeX/texmf-dist/tex/generic/pgf/basiclayer/pgfcoreshade.code.tex) (c:/Users/shar_sp/AppData/Roaming/TinyTeX/texmf-dist/tex/generic/pgf/basiclayer/pgfcoreimage.code.tex) (c:/Users/shar_sp/AppData/Roaming/TinyTeX/texmf-dist/tex/generic/pgf/basiclayer/pgfcoreexternal.code.tex) (c:/Users/shar_sp/AppData/Roaming/TinyTeX/texmf-dist/tex/generic/pgf/basiclayer/pgfcorelayers.code.tex) (c:/Users/shar_sp/AppData/Roaming/TinyTeX/texmf-dist/tex/generic/pgf/basiclayer/pgfcoretransparency.code.tex) (c:/Users/shar_sp/AppData/Roaming/TinyTeX/texmf-dist/tex/generic/pgf/basiclayer/pgfcorepatterns.code.tex) (c:/Users/shar_sp/AppData/Roaming/TinyTeX/texmf-dist/tex/generic/pgf/basiclayer/pgfcorerdf.code.tex))) (c:/Users/shar_sp/AppData/Roaming/TinyTeX/texmf-dist/tex/generic/pgf/modules/pgfmoduleshapes.code.tex) (c:/Users/shar_sp/AppData/Roaming/TinyTeX/texmf-dist/tex/generic/pgf/modules/pgfmoduleplot.code.tex) (c:/Users/shar_sp/AppData/Roaming/TinyTeX/texmf-dist/tex/latex/pgf/compatibility/pgfcomp-version-0-65.sty) (c:/Users/shar_sp/AppData/Roaming/TinyTeX/texmf-dist/tex/latex/pgf/compatibility/pgfcomp-version-1-18.sty)) (c:/Users/shar_sp/AppData/Roaming/TinyTeX/texmf-dist/tex/latex/pgf/utilities/pgffor.sty (c:/Users/shar_sp/AppData/Roaming/TinyTeX/texmf-dist/tex/latex/pgf/utilities/pgfkeys.sty (c:/Users/shar_sp/AppData/Roaming/TinyTeX/texmf-dist/tex/generic/pgf/utilities/pgfkeys.code.tex)) (c:/Users/shar_sp/AppData/Roaming/TinyTeX/texmf-dist/tex/latex/pgf/math/pgfmath.sty (c:/Users/shar_sp/AppData/Roaming/TinyTeX/texmf-dist/tex/generic/pgf/math/pgfmath.code.tex)) (c:/Users/shar_sp/AppData/Roaming/TinyTeX/texmf-dist/tex/generic/pgf/utilities/pgffor.code.tex)) (c:/Users/shar_sp/AppData/Roaming/TinyTeX/texmf-dist/tex/generic/pgf/frontendlayer/tikz/tikz.code.tex (c:/Users/shar_sp/AppData/Roaming/TinyTeX/texmf-dist/tex/generic/pgf/libraries/pgflibraryplothandlers.code.tex) (c:/Users/shar_sp/AppData/Roaming/TinyTeX/texmf-dist/tex/generic/pgf/modules/pgfmodulematrix.code.tex) (c:/Users/shar_sp/AppData/Roaming/TinyTeX/texmf-dist/tex/generic/pgf/frontendlayer/tikz/libraries/tikzlibrarytopaths.code.tex))) (c:/Users/shar_sp/AppData/Roaming/TinyTeX/texmf-dist/tex/generic/pgf/frontendlayer/tikz/libraries/tikzlibrarycalc.code.tex) (c:/Users/shar_sp/AppData/Roaming/TinyTeX/texmf-dist/tex/generic/pgf/libraries/pgflibraryarrows.meta.code.tex) (c:/Users/shar_sp/AppData/Roaming/TinyTeX/texmf-dist/tex/latex/caption/subcaption.sty) (c:/Users/shar_sp/AppData/Roaming/TinyTeX/texmf-dist/tex/latex/newtx/ot1ntxtlf.fd) (./Main_submission_V2.aux) (c:/Users/shar_sp/AppData/Roaming/TinyTeX/texmf-dist/tex/latex/newtx/omlntxmi.fd) (c:/Users/shar_sp/AppData/Roaming/TinyTeX/texmf-dist/tex/latex/newtx/untxexa.fd) (c:/Users/shar_sp/AppData/Roaming/TinyTeX/texmf-dist/tex/latex/newtx/lmsntxsy.fd) (c:/Users/shar_sp/AppData/Roaming/TinyTeX/texmf-dist/tex/latex/newtx/lmxntxexx.fd) (c:/Users/shar_sp/AppData/Roaming/TinyTeX/texmf-dist/tex/context/base/mkii/supp-pdf.mkii
[Loading MPS to PDF converter (version 2006.09.02).]
)

Package hyperref Warning: Height of page (\paperheight) is invalid (0.0pt),
(hyperref)                using 11in.

(./lineno-FLM.sty (c:/Users/shar_sp/AppData/Roaming/TinyTeX/texmf-dist/tex/latex/lineno/lineno.sty)) (c:/Users/shar_sp/AppData/Roaming/TinyTeX/texmf-dist/tex/latex/newtx/ot1minntx.fd) (c:/Users/shar_sp/AppData/Roaming/TinyTeX/texmf-dist/tex/latex/amsfonts/umsa.fd) (c:/Users/shar_sp/AppData/Roaming/TinyTeX/texmf-dist/tex/latex/amsfonts/umsb.fd) (c:/Users/shar_sp/AppData/Roaming/TinyTeX/texmf-dist/tex/latex/newtx/untxmia.fd) (c:/Users/shar_sp/AppData/Roaming/TinyTeX/texmf-dist/tex/latex/newtx/untxsym.fd) (c:/Users/shar_sp/AppData/Roaming/TinyTeX/texmf-dist/tex/latex/newtx/untxsyc.fd)
Underfull \vbox (badness 10000) has occurred while \output is active
Underfull \vbox (badness 10000) has occurred while \output is active
Underfull \hbox (badness 10000) has occurred while \output is active


Overfull \hbox (1.0pt too wide) has occurred while \output is active
[]

Overfull \vbox (34.02812pt too high) has occurred while \output is active

Package xcolor Warning: Incompatible color definition on input line 111.

[1{c:/Users/shar_sp/AppData/Roaming/TinyTeX/texmf-var/fonts/map/pdftex/updmap/pdftex.map}{c:/Users/shar_sp/AppData/Roaming/TinyTeX/texmf-dist/fonts/enc/dvips/newtx/ntx-ot1-tlf.enc}
Non-PDF special ignored!
<special> papersize=174mm,247mm
]
Underfull \vbox (badness 10000) has occurred while \output is active
Underfull \vbox (badness 10000) has occurred while \output is active
Overfull \hbox (1.61096pt too wide) has occurred while \output is active
[] 
[2] [3] (c:/Users/shar_sp/AppData/Roaming/TinyTeX/texmf-dist/tex/latex/newtx/ts1ntxtlf.fd)

Package xcolor Warning: Incompatible color definition on input line 285.

[4{c:/Users/shar_sp/AppData/Roaming/TinyTeX/texmf-dist/fonts/enc/dvips/tex-gyre/q-ts1.enc}] [5] (c:/Users/shar_sp/AppData/Roaming/TinyTeX/texmf-dist/tex/latex/tex-gyre/ot1qhv.fd)
Overfull \hbox (1.61096pt too wide) has occurred while \output is active
[] 
[6{c:/Users/shar_sp/AppData/Roaming/TinyTeX/texmf-dist/fonts/enc/dvips/tex-gyre/q-rm.enc}] [7]
Overfull \hbox (1.61096pt too wide) has occurred while \output is active
[] 
[8] [9{c:/Users/shar_sp/AppData/Roaming/TinyTeX/texmf-dist/fonts/enc/dvips/newtx/ntx-ot1-tlf-pc.enc}]
Underfull \vbox (badness 1024) has occurred while \output is active
Underfull \vbox (badness 1024) has occurred while \output is active

Package xcolor Warning: Incompatible color definition on input line 762.

[10] [11]
Overfull \hbox (1.61096pt too wide) has occurred while \output is active
[] 
[12] [13]
Overfull \hbox (1.61096pt too wide) has occurred while \output is active
[] 
[14] [15]
Overfull \hbox (1.61096pt too wide) has occurred while \output is active
[] 
[16 <./Figures/fig_components_plane.pdf> <./Figures/fig_components_axisymmetric.pdf>] [17 <./Figures/fig_upwash_amplification.pdf>]
Underfull \vbox (badness 1478) has occurred while \output is active
Underfull \vbox (badness 1478) has occurred while \output is active
Overfull \hbox (1.61096pt too wide) has occurred while \output is active
[] 
[18 <./Figures/fig_level1a_trajectory.pdf> <./Figures/fig_level1a_trajectory_kt.pdf>] [19]
Overfull \hbox (1.61096pt too wide) has occurred while \output is active
[] 
[20] [21 <./Figures/fig_rdt_projection.pdf> <./Figures/fig_spectrum_hs__spectra.pdf> <./Figures/fig_spectrum_hs__centroid.pdf>]
Overfull \hbox (1.61096pt too wide) has occurred while \output is active
[] 
[22 <./Figures/BvsC_nu1e5_spectra.pdf> <./Figures/BvsC_nu1e5_centroid.pdf>] [23 <./Figures/C_ensemble_spectra.pdf> <./Figures/C_ensemble_centroid.pdf>]
Overfull \hbox (1.61096pt too wide) has occurred while \output is active
[] 
[24]
Underfull \vbox (badness 10000) has occurred while \output is active
Underfull \vbox (badness 10000) has occurred while \output is active [25]
Overfull \hbox (1.61096pt too wide) has occurred while \output is active
[] 
[26 <./Figures/fig_chi_trajectory.pdf> <./Figures/fig_peak_centroid.pdf>]
Underfull \vbox (badness 10000) has occurred while \output is active
Underfull \vbox (badness 10000) has occurred while \output is active [27 <./Figures/C_kv3em6_hires_op_spectra.pdf> <./Figures/C_kv3em6_hires_op_centroid.pdf> <./Figures/fig_cmk_centroid.pdf> <./Figures/fig_cmk_energy.pdf>]
Overfull \hbox (1.61096pt too wide) has occurred while \output is active
[] 
[28] [29 <./Figures/fig_cmk_anisotropy.pdf>]
Overfull \hbox (1.61096pt too wide) has occurred while \output is active
[] 
[30] [31 <./Figures/fig_LR_plane.pdf>]
Overfull \hbox (1.61096pt too wide) has occurred while \output is active
[] 
[32 <./Figures/fig_LR_axisym.pdf>] [33 <./Figures/fig_LR_b11_closure.pdf>]
Overfull \hbox (1.61096pt too wide) has occurred while \output is active
[] 
[34] [35]
Overfull \hbox (1.61096pt too wide) has occurred while \output is active
[] 
[36 <./Figures/fig_threeway.pdf> <./Figures/fig_rdt_distance.pdf>] [37]
Overfull \hbox (0.50798pt too wide) in paragraph at lines 2501--2513
\OT1/minntx/m/n/10.74011 the one-dimensional spec-tra ob-tained by in-te-grat-ing $\OML/ntxmi/m/it/10.74011 ^^H[]$ \OT1/minntx/m/n/10.74011 over the two un-re-solved wavenum-

Overfull \hbox (14.10033pt too wide) in paragraph at lines 2537--2541
[]\OT1/minntx/m/n/10.74011 Under A1 the an-gu-lar in-te-gral in [] can be car-ried out. Writ-ing $[] \U/ntxmia/m/it/10.74011 = \LMS/ntxsy/m/n/10.74011 ¹\OML/ntxmi/m/it/10.74011 ^^T[] [] ^^R;  ^^T[];  ^^T[] [] ^^R\LMS/ntxsy/m/n/10.74011 º$

Overfull \hbox (1.61096pt too wide) has occurred while \output is active
[] 
[38] [39]
Overfull \hbox (1.61096pt too wide) has occurred while \output is active
[] 
[40] [41 <./Figures/fig_pi_kernels.pdf>]
Overfull \hbox (1.61096pt too wide) has occurred while \output is active
[] 
[42]
Overfull \hbox (15.25201pt too wide) in paragraph at lines 2816--2820
\OT1/minntx/m/n/10.74011 The au-thor thanks Marten Klein (Bran-den-burg Uni-ver-sity of Tech-nol-ogy Cottbus--Senftenberg)
(c:/Users/shar_sp/AppData/Roaming/TinyTeX/texmf-dist/tex/latex/newtx/ot1ntxtt.fd) (./Main_submission_V2.bbl [43]
Underfull \vbox (badness 10000) has occurred while \output is active
Underfull \vbox (badness 10000) has occurred while \output is active
Overfull \hbox (1.61096pt too wide) has occurred while \output is active
[] 
[44]) [45] (./Main_submission_V2.aux) )
(see the transcript file for additional information)<c:/Users/shar_sp/AppData/Roaming/TinyTeX/texmf-dist/fonts/type1/public/newtx/NewTXBMI.pfb><c:/Users/shar_sp/AppData/Roaming/TinyTeX/texmf-dist/fonts/type1/public/newtx/NewTXMI.pfb><c:/Users/shar_sp/AppData/Roaming/TinyTeX/texmf-dist/fonts/type1/public/newtx/NewTXMI5.pfb><c:/Users/shar_sp/AppData/Roaming/TinyTeX/texmf-dist/fonts/type1/public/newtx/NewTXMI7.pfb><c:/Users/shar_sp/AppData/Roaming/TinyTeX/texmf-dist/fonts/type1/public/tex-gyre/qhvr.pfb><c:/Users/shar_sp/AppData/Roaming/TinyTeX/texmf-dist/fonts/type1/public/tex-gyre/qtmr.pfb><c:/Users/shar_sp/AppData/Roaming/TinyTeX/texmf-dist/fonts/type1/public/newtx/txexas.pfb><c:/Users/shar_sp/AppData/Roaming/TinyTeX/texmf-dist/fonts/type1/public/newtx/txexs.pfb><c:/Users/shar_sp/AppData/Roaming/TinyTeX/texmf-dist/fonts/type1/public/newtx/txmiaX.pfb><c:/Users/shar_sp/AppData/Roaming/TinyTeX/texmf-dist/fonts/type1/public/newtx/txsym.pfb><c:/Users/shar_sp/AppData/Roaming/TinyTeX/texmf-dist/fonts/type1/public/newtx/txsys.pfb><c:/Users/shar_sp/AppData/Roaming/TinyTeX/texmf-dist/fonts/type1/public/txfonts/txtt.pfb><c:/Users/shar_sp/AppData/Roaming/TinyTeX/texmf-dist/fonts/type1/public/newtx/ztmb.pfb><c:/Users/shar_sp/AppData/Roaming/TinyTeX/texmf-dist/fonts/type1/public/newtx/ztmr.pfb><c:/Users/shar_sp/AppData/Roaming/TinyTeX/texmf-dist/fonts/type1/public/newtx/ztmri.pfb>
Output written on Main_submission_V2.pdf (45 pages, 1363766 bytes).
Transcript written on Main_submission_V2.log.
Latexmk: Getting log file 'Main_submission_V2.log'
Latexmk: Examining 'Main_submission_V2.fls'
Latexmk: Examining 'Main_submission_V2.log'
Latexmk: Found input bbl file 'Main_submission_V2.bbl'
Latexmk: Log file says output to 'Main_submission_V2.pdf'
Latexmk: Using bibtex to make bibliography file(s).
  ===Source file 'Main_submission_V2.bbl' for 'pdflatex'
Latexmk: Found bibliography file(s):
  ./jfm.bib
Latexmk: All targets (Main_submission_V2.pdf) are up-to-date

Reverting Windows console CPs to (in,out) = (850,850)
