Initial Win CP for (console input, console output, system): (CP850, CP850, CP1252)
I changed them all to CP1252
Rc files read (in order):
  NONE
Latexmk: This is Latexmk, John Collins, 9 March 2026. Version 4.88.
Latexmk: Changing directory to 'manuscript/'
No existing .aux file, so I'll make a simple one, and require run of *latex.
Latexmk: applying rule 'pdflatex'...
Rule 'pdflatex':  Reasons for rerun
Category 'other':
  Rerun of 'pdflatex' forced or previously required:
    Reason or flag: 'Initial setup'

------------
Run number 1 of rule 'pdflatex'
------------
------------
Running 'pdflatex  -interaction=nonstopmode -recorder -output-directory="manuscript/build"  "main_v3.tex"'
------------
This is pdfTeX, Version 3.141592653-2.6-1.40.29 (TeX Live 2026) (preloaded format=pdflatex)
 restricted \write18 enabled.
entering extended mode
(./main_v3.tex
LaTeX2e <2026-06-01>
L3 programming layer <2026-07-20>
(./JFM-FLM_Au.cls

LaTeX Warning: You have requested document class `JFM-FLM_Au',
               but the document class provides `jfm'.

Document Class: jfm 2006/11/13 v1.27 Journal of Fluid Mechanics document class
(c:/Users/shar_sp/AppData/Roaming/TinyTeX/texmf-dist/tex/latex/graphics/graphicx.sty (c:/Users/shar_sp/AppData/Roaming/TinyTeX/texmf-dist/tex/latex/graphics/keyval.sty) (c:/Users/shar_sp/AppData/Roaming/TinyTeX/texmf-dist/tex/latex/graphics/graphics.sty (c:/Users/shar_sp/AppData/Roaming/TinyTeX/texmf-dist/tex/latex/graphics/trig.sty) (c:/Users/shar_sp/AppData/Roaming/TinyTeX/texmf-dist/tex/latex/graphics-cfg/graphics.cfg) (c:/Users/shar_sp/AppData/Roaming/TinyTeX/texmf-dist/tex/latex/graphics-def/pdftex.def))) (c:/Users/shar_sp/AppData/Roaming/TinyTeX/texmf-dist/tex/latex/hyperref/hyperref.sty (c:/Users/shar_sp/AppData/Roaming/TinyTeX/texmf-dist/tex/generic/iftex/iftex.sty) (c:/Users/shar_sp/AppData/Roaming/TinyTeX/texmf-dist/tex/latex/kvsetkeys/kvsetkeys.sty) (c:/Users/shar_sp/AppData/Roaming/TinyTeX/texmf-dist/tex/generic/kvdefinekeys/kvdefinekeys.sty) (c:/Users/shar_sp/AppData/Roaming/TinyTeX/texmf-dist/tex/generic/pdfescape/pdfescape.sty (c:/Users/shar_sp/AppData/Roaming/TinyTeX/texmf-dist/tex/generic/ltxcmds/ltxcmds.sty) (c:/Users/shar_sp/AppData/Roaming/TinyTeX/texmf-dist/tex/generic/pdftexcmds/pdftexcmds.sty (c:/Users/shar_sp/AppData/Roaming/TinyTeX/texmf-dist/tex/generic/infwarerr/infwarerr.sty))) (c:/Users/shar_sp/AppData/Roaming/TinyTeX/texmf-dist/tex/latex/hycolor/hycolor.sty) (c:/Users/shar_sp/AppData/Roaming/TinyTeX/texmf-dist/tex/latex/hyperref/nameref.sty (c:/Users/shar_sp/AppData/Roaming/TinyTeX/texmf-dist/tex/latex/refcount/refcount.sty) (c:/Users/shar_sp/AppData/Roaming/TinyTeX/texmf-dist/tex/generic/gettitlestring/gettitlestring.sty (c:/Users/shar_sp/AppData/Roaming/TinyTeX/texmf-dist/tex/latex/kvoptions/kvoptions.sty))) (c:/Users/shar_sp/AppData/Roaming/TinyTeX/texmf-dist/tex/latex/etoolbox/etoolbox.sty) (c:/Users/shar_sp/AppData/Roaming/TinyTeX/texmf-dist/tex/generic/stringenc/stringenc.sty) (c:/Users/shar_sp/AppData/Roaming/TinyTeX/texmf-dist/tex/latex/hyperref/pd1enc.def) (c:/Users/shar_sp/AppData/Roaming/TinyTeX/texmf-dist/tex/generic/intcalc/intcalc.sty) (c:/Users/shar_sp/AppData/Roaming/TinyTeX/texmf-dist/tex/latex/hyperref/puenc.def) (c:/Users/shar_sp/AppData/Roaming/TinyTeX/texmf-dist/tex/latex/url/url.sty) (c:/Users/shar_sp/AppData/Roaming/TinyTeX/texmf-dist/tex/generic/bitset/bitset.sty (c:/Users/shar_sp/AppData/Roaming/TinyTeX/texmf-dist/tex/generic/bigintcalc/bigintcalc.sty))

Package hyperref Warning: Option `pdfpagelabels' is turned off
(hyperref)                because \thepage is undefined.

) (c:/Users/shar_sp/AppData/Roaming/TinyTeX/texmf-dist/tex/latex/hyperref/hpdftex.def (c:/Users/shar_sp/AppData/Roaming/TinyTeX/texmf-dist/tex/latex/rerunfilecheck/rerunfilecheck.sty (c:/Users/shar_sp/AppData/Roaming/TinyTeX/texmf-dist/tex/generic/uniquecounter/uniquecounter.sty))) (c:/Users/shar_sp/AppData/Roaming/TinyTeX/texmf-dist/tex/latex/bookmark/bookmark.sty (c:/Users/shar_sp/AppData/Roaming/TinyTeX/texmf-dist/tex/latex/l3backend/l3backend-pdftex.def) (c:/Users/shar_sp/AppData/Roaming/TinyTeX/texmf-dist/tex/latex/bookmark/bkm-pdftex.def)) (c:/Users/shar_sp/AppData/Roaming/TinyTeX/texmf-dist/tex/latex/breakurl/breakurl.sty (c:/Users/shar_sp/AppData/Roaming/TinyTeX/texmf-dist/tex/latex/xkeyval/xkeyval.sty (c:/Users/shar_sp/AppData/Roaming/TinyTeX/texmf-dist/tex/generic/xkeyval/xkeyval.tex (c:/Users/shar_sp/AppData/Roaming/TinyTeX/texmf-dist/tex/generic/xkeyval/xkvutils.tex))) (c:/Users/shar_sp/AppData/Roaming/TinyTeX/texmf-dist/tex/generic/iftex/ifpdf.sty)

Package breakurl Warning: You are using breakurl while processing via pdflatex.
(breakurl)                \burl will be just a synonym of \url.
(breakurl)                 on input line 48.

) (c:/Users/shar_sp/AppData/Roaming/TinyTeX/texmf-dist/tex/latex/booktabs/booktabs.sty) (c:/Users/shar_sp/AppData/Roaming/TinyTeX/texmf-dist/tex/latex/colortbl/colortbl.sty (c:/Users/shar_sp/AppData/Roaming/TinyTeX/texmf-dist/tex/latex/tools/array.sty) (c:/Users/shar_sp/AppData/Roaming/TinyTeX/texmf-dist/tex/latex/graphics/color.sty (c:/Users/shar_sp/AppData/Roaming/TinyTeX/texmf-dist/tex/latex/graphics-cfg/color.cfg) (c:/Users/shar_sp/AppData/Roaming/TinyTeX/texmf-dist/tex/latex/graphics/mathcolor.ltx))
new hooks used!!
) (c:/Users/shar_sp/AppData/Roaming/TinyTeX/texmf-dist/tex/latex/algorithm2e/algorithm2e.sty (c:/Users/shar_sp/AppData/Roaming/TinyTeX/texmf-dist/tex/latex/base/ifthen.sty) (c:/Users/shar_sp/AppData/Roaming/TinyTeX/texmf-dist/tex/latex/ifoddpage/ifoddpage.sty) (c:/Users/shar_sp/AppData/Roaming/TinyTeX/texmf-dist/tex/latex/tools/xspace.sty) (c:/Users/shar_sp/AppData/Roaming/TinyTeX/texmf-dist/tex/latex/relsize/relsize.sty

Package relsize Warning: Failed to get list of defined font sizes.
(relsize)                Size scaling will attempt arbitrary sizes..

)) (c:/Users/shar_sp/AppData/Roaming/TinyTeX/texmf-dist/tex/latex/tools/calc.sty) (c:/Users/shar_sp/AppData/Roaming/TinyTeX/texmf-dist/tex/generic/soul/soul.sty (c:/Users/shar_sp/AppData/Roaming/TinyTeX/texmf-dist/tex/generic/soul/soul-ori.sty) (c:/Users/shar_sp/AppData/Roaming/TinyTeX/texmf-dist/tex/generic/etexcmds/etexcmds.sty)) (c:/Users/shar_sp/AppData/Roaming/TinyTeX/texmf-dist/tex/latex/epstopdf-pkg/epstopdf.sty (c:/Users/shar_sp/AppData/Roaming/TinyTeX/texmf-dist/tex/latex/grfext/grfext.sty) (c:/Users/shar_sp/AppData/Roaming/TinyTeX/texmf-dist/tex/latex/epstopdf-pkg/epstopdf-base.sty (c:/Users/shar_sp/AppData/Roaming/TinyTeX/texmf-dist/tex/latex/latexconfig/epstopdf-sys.cfg)))

LaTeX Warning: Command `\theenumv' already defined -- not changed on input line 985.


LaTeX Warning: Command `\theenumvi' already defined -- not changed on input line 986.


LaTeX Warning: Command `\theenumvii' already defined -- not changed on input line 987.


LaTeX Warning: Command `\theenumviii' already defined -- not changed on input line 988.


LaTeX Warning: Command `\theenumix' already defined -- not changed on input line 989.


LaTeX Warning: Command `\theenumx' already defined -- not changed on input line 990.

(c:/Users/shar_sp/AppData/Roaming/TinyTeX/texmf-dist/tex/latex/caption/caption.sty (c:/Users/shar_sp/AppData/Roaming/TinyTeX/texmf-dist/tex/latex/caption/caption3.sty)

Package caption Warning: Unknown document class (or package),
(caption)                standard defaults will be used.
See the caption package documentation for explanation.

)

Found the 'amsbsy' package on the system, using it.

(c:/Users/shar_sp/AppData/Roaming/TinyTeX/texmf-dist/tex/latex/amsmath/amsbsy.sty (c:/Users/shar_sp/AppData/Roaming/TinyTeX/texmf-dist/tex/latex/amsmath/amsgen.sty))

Found AMS Euler Roman fonts on the system, but you dont seem to have the
'upmath' package installed. JFM.cls can take advantage of these fonts,
if you use 'upmath' package.



Found AMS Symbol fonts on the system, using the 'amssymb' package.

(c:/Users/shar_sp/AppData/Roaming/TinyTeX/texmf-dist/tex/latex/amsfonts/amssymb.sty (c:/Users/shar_sp/AppData/Roaming/TinyTeX/texmf-dist/tex/latex/amsfonts/amsfonts.sty)) (c:/Users/shar_sp/AppData/Roaming/TinyTeX/texmf-dist/tex/latex/newtx/newtxtext.sty `newtxtext' v1.744, 2024/04/01 Text macros taking advantage of TeXGyre Termes and its extensions (msharpe) (c:/Users/shar_sp/AppData/Roaming/TinyTeX/texmf-dist/tex/latex/xpatch/xpatch.sty (c:/Users/shar_sp/AppData/Roaming/TinyTeX/texmf-dist/tex/latex/l3kernel/expl3.sty) (c:/Users/shar_sp/AppData/Roaming/TinyTeX/texmf-dist/tex/latex/l3packages/xparse/xparse.sty)) (c:/Users/shar_sp/AppData/Roaming/TinyTeX/texmf-dist/tex/latex/xcolor/xcolor.sty (c:/Users/shar_sp/AppData/Roaming/TinyTeX/texmf-dist/tex/latex/graphics-cfg/color.cfg) (c:/Users/shar_sp/AppData/Roaming/TinyTeX/texmf-dist/tex/latex/graphics/mathcolor.ltx)) (c:/Users/shar_sp/AppData/Roaming/TinyTeX/texmf-dist/tex/latex/base/textcomp.sty) (c:/Users/shar_sp/AppData/Roaming/TinyTeX/texmf-dist/tex/generic/xstring/xstring.sty (c:/Users/shar_sp/AppData/Roaming/TinyTeX/texmf-dist/tex/generic/xstring/xstring.tex)) (c:/Users/shar_sp/AppData/Roaming/TinyTeX/texmf-dist/tex/latex/carlisle/scalefnt.sty) (c:/Users/shar_sp/AppData/Roaming/TinyTeX/texmf-dist/tex/generic/kastrup/binhex.tex) (c:/Users/shar_sp/AppData/Roaming/TinyTeX/texmf-dist/tex/latex/fontaxes/fontaxes.sty (c:/Users/shar_sp/AppData/Roaming/TinyTeX/texmf-dist/tex/latex/figureversions/figureversions.sty))) (c:/Users/shar_sp/AppData/Roaming/TinyTeX/texmf-dist/tex/latex/newtx/newtxmath.sty `newtxmath' v1.754, 2024/09/22 Math macros based originally on txfonts (msharpe) (c:/Users/shar_sp/AppData/Roaming/TinyTeX/texmf-dist/tex/latex/amsmath/amsmath.sty
For additional information on amsmath, use the `?' option.
(c:/Users/shar_sp/AppData/Roaming/TinyTeX/texmf-dist/tex/latex/amsmath/amstext.sty) (c:/Users/shar_sp/AppData/Roaming/TinyTeX/texmf-dist/tex/latex/amsmath/amsopn.sty)) (c:/Users/shar_sp/AppData/Roaming/TinyTeX/texmf-dist/tex/latex/oberdiek/centernot.sty) (c:/Users/shar_sp/AppData/Roaming/TinyTeX/texmf-dist/tex/generic/kastrup/binhex.tex)
amsthm NOT loaded
) (c:/Users/shar_sp/AppData/Roaming/TinyTeX/texmf-dist/tex/latex/natbib/natbib.sty)) (c:/Users/shar_sp/AppData/Roaming/TinyTeX/texmf-dist/tex/latex/pgf/frontendlayer/tikz.sty (c:/Users/shar_sp/AppData/Roaming/TinyTeX/texmf-dist/tex/latex/pgf/basiclayer/pgf.sty (c:/Users/shar_sp/AppData/Roaming/TinyTeX/texmf-dist/tex/latex/pgf/utilities/pgfrcs.sty (c:/Users/shar_sp/AppData/Roaming/TinyTeX/texmf-dist/tex/generic/pgf/utilities/pgfutil-common.tex) (c:/Users/shar_sp/AppData/Roaming/TinyTeX/texmf-dist/tex/generic/pgf/utilities/pgfutil-latex.def) (c:/Users/shar_sp/AppData/Roaming/TinyTeX/texmf-dist/tex/generic/pgf/utilities/pgfrcs.code.tex (c:/Users/shar_sp/AppData/Roaming/TinyTeX/texmf-dist/tex/generic/pgf/pgf.revision.tex))) (c:/Users/shar_sp/AppData/Roaming/TinyTeX/texmf-dist/tex/latex/pgf/basiclayer/pgfcore.sty (c:/Users/shar_sp/AppData/Roaming/TinyTeX/texmf-dist/tex/latex/pgf/systemlayer/pgfsys.sty (c:/Users/shar_sp/AppData/Roaming/TinyTeX/texmf-dist/tex/generic/pgf/systemlayer/pgfsys.code.tex (c:/Users/shar_sp/AppData/Roaming/TinyTeX/texmf-dist/tex/generic/pgf/utilities/pgfkeys.code.tex (c:/Users/shar_sp/AppData/Roaming/TinyTeX/texmf-dist/tex/generic/pgf/utilities/pgfkeyslibraryfiltered.code.tex)) (c:/Users/shar_sp/AppData/Roaming/TinyTeX/texmf-dist/tex/generic/pgf/systemlayer/pgf.cfg) (c:/Users/shar_sp/AppData/Roaming/TinyTeX/texmf-dist/tex/generic/pgf/systemlayer/pgfsys-pdftex.def (c:/Users/shar_sp/AppData/Roaming/TinyTeX/texmf-dist/tex/generic/pgf/systemlayer/pgfsys-common-pdf.def))) (c:/Users/shar_sp/AppData/Roaming/TinyTeX/texmf-dist/tex/generic/pgf/systemlayer/pgfsyssoftpath.code.tex) (c:/Users/shar_sp/AppData/Roaming/TinyTeX/texmf-dist/tex/generic/pgf/systemlayer/pgfsysprotocol.code.tex)) (c:/Users/shar_sp/AppData/Roaming/TinyTeX/texmf-dist/tex/generic/pgf/basiclayer/pgfcore.code.tex (c:/Users/shar_sp/AppData/Roaming/TinyTeX/texmf-dist/tex/generic/pgf/math/pgfmath.code.tex (c:/Users/shar_sp/AppData/Roaming/TinyTeX/texmf-dist/tex/generic/pgf/math/pgfmathutil.code.tex) (c:/Users/shar_sp/AppData/Roaming/TinyTeX/texmf-dist/tex/generic/pgf/math/pgfmathparser.code.tex) (c:/Users/shar_sp/AppData/Roaming/TinyTeX/texmf-dist/tex/generic/pgf/math/pgfmathfunctions.code.tex) (c:/Users/shar_sp/AppData/Roaming/TinyTeX/texmf-dist/tex/generic/pgf/math/pgfmathfunctions.basic.code.tex) (c:/Users/shar_sp/AppData/Roaming/TinyTeX/texmf-dist/tex/generic/pgf/math/pgfmathfunctions.trigonometric.code.tex) (c:/Users/shar_sp/AppData/Roaming/TinyTeX/texmf-dist/tex/generic/pgf/math/pgfmathfunctions.random.code.tex) (c:/Users/shar_sp/AppData/Roaming/TinyTeX/texmf-dist/tex/generic/pgf/math/pgfmathfunctions.comparison.code.tex) (c:/Users/shar_sp/AppData/Roaming/TinyTeX/texmf-dist/tex/generic/pgf/math/pgfmathfunctions.base.code.tex) (c:/Users/shar_sp/AppData/Roaming/TinyTeX/texmf-dist/tex/generic/pgf/math/pgfmathfunctions.round.code.tex) (c:/Users/shar_sp/AppData/Roaming/TinyTeX/texmf-dist/tex/generic/pgf/math/pgfmathfunctions.misc.code.tex) (c:/Users/shar_sp/AppData/Roaming/TinyTeX/texmf-dist/tex/generic/pgf/math/pgfmathfunctions.integerarithmetics.code.tex) (c:/Users/shar_sp/AppData/Roaming/TinyTeX/texmf-dist/tex/generic/pgf/math/pgfmathcalc.code.tex) (c:/Users/shar_sp/AppData/Roaming/TinyTeX/texmf-dist/tex/generic/pgf/math/pgfmathfloat.code.tex)) (c:/Users/shar_sp/AppData/Roaming/TinyTeX/texmf-dist/tex/generic/pgf/math/pgfint.code.tex) (c:/Users/shar_sp/AppData/Roaming/TinyTeX/texmf-dist/tex/generic/pgf/basiclayer/pgfcorepoints.code.tex) (c:/Users/shar_sp/AppData/Roaming/TinyTeX/texmf-dist/tex/generic/pgf/basiclayer/pgfcorepathconstruct.code.tex) (c:/Users/shar_sp/AppData/Roaming/TinyTeX/texmf-dist/tex/generic/pgf/basiclayer/pgfcorepathusage.code.tex) (c:/Users/shar_sp/AppData/Roaming/TinyTeX/texmf-dist/tex/generic/pgf/basiclayer/pgfcorescopes.code.tex) (c:/Users/shar_sp/AppData/Roaming/TinyTeX/texmf-dist/tex/generic/pgf/basiclayer/pgfcoregraphicstate.code.tex) (c:/Users/shar_sp/AppData/Roaming/TinyTeX/texmf-dist/tex/generic/pgf/basiclayer/pgfcoretransformations.code.tex) (c:/Users/shar_sp/AppData/Roaming/TinyTeX/texmf-dist/tex/generic/pgf/basiclayer/pgfcorequick.code.tex) (c:/Users/shar_sp/AppData/Roaming/TinyTeX/texmf-dist/tex/generic/pgf/basiclayer/pgfcoreobjects.code.tex) (c:/Users/shar_sp/AppData/Roaming/TinyTeX/texmf-dist/tex/generic/pgf/basiclayer/pgfcorepathprocessing.code.tex) (c:/Users/shar_sp/AppData/Roaming/TinyTeX/texmf-dist/tex/generic/pgf/basiclayer/pgfcorearrows.code.tex) (c:/Users/shar_sp/AppData/Roaming/TinyTeX/texmf-dist/tex/generic/pgf/basiclayer/pgfcoreshade.code.tex) (c:/Users/shar_sp/AppData/Roaming/TinyTeX/texmf-dist/tex/generic/pgf/basiclayer/pgfcoreimage.code.tex) (c:/Users/shar_sp/AppData/Roaming/TinyTeX/texmf-dist/tex/generic/pgf/basiclayer/pgfcoreexternal.code.tex) (c:/Users/shar_sp/AppData/Roaming/TinyTeX/texmf-dist/tex/generic/pgf/basiclayer/pgfcorelayers.code.tex) (c:/Users/shar_sp/AppData/Roaming/TinyTeX/texmf-dist/tex/generic/pgf/basiclayer/pgfcoretransparency.code.tex) (c:/Users/shar_sp/AppData/Roaming/TinyTeX/texmf-dist/tex/generic/pgf/basiclayer/pgfcorepatterns.code.tex) (c:/Users/shar_sp/AppData/Roaming/TinyTeX/texmf-dist/tex/generic/pgf/basiclayer/pgfcorerdf.code.tex))) (c:/Users/shar_sp/AppData/Roaming/TinyTeX/texmf-dist/tex/generic/pgf/modules/pgfmoduleshapes.code.tex) (c:/Users/shar_sp/AppData/Roaming/TinyTeX/texmf-dist/tex/generic/pgf/modules/pgfmoduleplot.code.tex) (c:/Users/shar_sp/AppData/Roaming/TinyTeX/texmf-dist/tex/latex/pgf/compatibility/pgfcomp-version-0-65.sty) (c:/Users/shar_sp/AppData/Roaming/TinyTeX/texmf-dist/tex/latex/pgf/compatibility/pgfcomp-version-1-18.sty)) (c:/Users/shar_sp/AppData/Roaming/TinyTeX/texmf-dist/tex/latex/pgf/utilities/pgffor.sty (c:/Users/shar_sp/AppData/Roaming/TinyTeX/texmf-dist/tex/latex/pgf/utilities/pgfkeys.sty (c:/Users/shar_sp/AppData/Roaming/TinyTeX/texmf-dist/tex/generic/pgf/utilities/pgfkeys.code.tex)) (c:/Users/shar_sp/AppData/Roaming/TinyTeX/texmf-dist/tex/latex/pgf/math/pgfmath.sty (c:/Users/shar_sp/AppData/Roaming/TinyTeX/texmf-dist/tex/generic/pgf/math/pgfmath.code.tex)) (c:/Users/shar_sp/AppData/Roaming/TinyTeX/texmf-dist/tex/generic/pgf/utilities/pgffor.code.tex)) (c:/Users/shar_sp/AppData/Roaming/TinyTeX/texmf-dist/tex/generic/pgf/frontendlayer/tikz/tikz.code.tex (c:/Users/shar_sp/AppData/Roaming/TinyTeX/texmf-dist/tex/generic/pgf/libraries/pgflibraryplothandlers.code.tex) (c:/Users/shar_sp/AppData/Roaming/TinyTeX/texmf-dist/tex/generic/pgf/modules/pgfmodulematrix.code.tex) (c:/Users/shar_sp/AppData/Roaming/TinyTeX/texmf-dist/tex/generic/pgf/frontendlayer/tikz/libraries/tikzlibrarytopaths.code.tex))) (c:/Users/shar_sp/AppData/Roaming/TinyTeX/texmf-dist/tex/generic/pgf/frontendlayer/tikz/libraries/tikzlibrarycalc.code.tex) (c:/Users/shar_sp/AppData/Roaming/TinyTeX/texmf-dist/tex/generic/pgf/libraries/pgflibraryarrows.meta.code.tex) (c:/Users/shar_sp/AppData/Roaming/TinyTeX/texmf-dist/tex/latex/caption/subcaption.sty) (c:/Users/shar_sp/AppData/Roaming/TinyTeX/texmf-dist/tex/latex/newtx/ot1ntxtlf.fd) (manuscript/build/main_v3.aux) (c:/Users/shar_sp/AppData/Roaming/TinyTeX/texmf-dist/tex/latex/newtx/omlntxmi.fd) (c:/Users/shar_sp/AppData/Roaming/TinyTeX/texmf-dist/tex/latex/newtx/untxexa.fd) (c:/Users/shar_sp/AppData/Roaming/TinyTeX/texmf-dist/tex/latex/newtx/lmsntxsy.fd) (c:/Users/shar_sp/AppData/Roaming/TinyTeX/texmf-dist/tex/latex/newtx/lmxntxexx.fd) (c:/Users/shar_sp/AppData/Roaming/TinyTeX/texmf-dist/tex/context/base/mkii/supp-pdf.mkii
[Loading MPS to PDF converter (version 2006.09.02).]
)

Package hyperref Warning: Height of page (\paperheight) is invalid (0.0pt),
(hyperref)                using 11in.

(./lineno-FLM.sty (c:/Users/shar_sp/AppData/Roaming/TinyTeX/texmf-dist/tex/latex/lineno/lineno.sty)) (c:/Users/shar_sp/AppData/Roaming/TinyTeX/texmf-dist/tex/latex/newtx/ot1minntx.fd) (c:/Users/shar_sp/AppData/Roaming/TinyTeX/texmf-dist/tex/latex/amsfonts/umsa.fd) (c:/Users/shar_sp/AppData/Roaming/TinyTeX/texmf-dist/tex/latex/amsfonts/umsb.fd) (c:/Users/shar_sp/AppData/Roaming/TinyTeX/texmf-dist/tex/latex/newtx/untxmia.fd) (c:/Users/shar_sp/AppData/Roaming/TinyTeX/texmf-dist/tex/latex/newtx/untxsym.fd) (c:/Users/shar_sp/AppData/Roaming/TinyTeX/texmf-dist/tex/latex/newtx/untxsyc.fd)
Underfull \vbox (badness 10000) has occurred while \output is active
Underfull \vbox (badness 10000) has occurred while \output is active
Underfull \hbox (badness 10000) has occurred while \output is active


Overfull \hbox (1.0pt too wide) has occurred while \output is active
[]

Overfull \vbox (34.02812pt too high) has occurred while \output is active

Package xcolor Warning: Incompatible color definition on input line 114.

[1{c:/Users/shar_sp/AppData/Roaming/TinyTeX/texmf-var/fonts/map/pdftex/updmap/pdftex.map}{c:/Users/shar_sp/AppData/Roaming/TinyTeX/texmf-dist/fonts/enc/dvips/newtx/ntx-ot1-tlf.enc}
Non-PDF special ignored!
<special> papersize=174mm,247mm
]

Package natbib Warning: Citation `BatchelorProudman1954' on page 2 undefined on input line 137.


Package natbib Warning: Citation `TownsendBook1976' on page 2 undefined on input line 138.


Package natbib Warning: Citation `Hunt1973' on page 2 undefined on input line 139.


Package natbib Warning: Citation `HuntGraham1978' on page 2 undefined on input line 139.


Package natbib Warning: Citation `HuntCarruthers1990' on page 2 undefined on input line 140.


Package natbib Warning: Citation `SagautCambon2018' on page 2 undefined on input line 141.


Package natbib Warning: Citation `MillsCorrsin1959' on page 2 undefined on input line 145.


Package natbib Warning: Citation `TuckerReynolds1968' on page 2 undefined on input line 145.


Package natbib Warning: Citation `LeeReynolds1985' on page 2 undefined on input line 145.


Package natbib Warning: Citation `HuntGraham1978' on page 2 undefined on input line 147.


Package natbib Warning: Citation `GoldsteinAtassi1976' on page 2 undefined on input line 147.


Package natbib Warning: Citation `SagautCambon2018' on page 2 undefined on input line 155.


Package natbib Warning: Citation `LaunderReeceRodi1975' on page 2 undefined on input line 157.


Package natbib Warning: Citation `Pope2000' on page 2 undefined on input line 157.


Package natbib Warning: Citation `Amiet1975' on page 2 undefined on input line 164.


Package natbib Warning: Citation `PatersonAmiet1977' on page 2 undefined on input line 164.


Package natbib Warning: Citation `RogerMoreau2010' on page 2 undefined on input line 164.


Package natbib Warning: Citation `vonKarman1948' on page 2 undefined on input line 168.


Package natbib Warning: Citation `dosSantos2023' on page 2 undefined on input line 173.


Package natbib Warning: Citation `Ribeiro2023' on page 2 undefined on input line 173.


Package natbib Warning: Citation `Piccolo2024' on page 2 undefined on input line 173.


Package natbib Warning: Citation `deSantana2016' on page 2 undefined on input line 175.


Package natbib Warning: Citation `dosSantos2023' on page 2 undefined on input line 175.


Package natbib Warning: Citation `Piccolo2024' on page 2 undefined on input line 176.


Package natbib Warning: Citation `KimHaeri2015' on page 2 undefined on input line 179.


Package natbib Warning: Citation `Kerstein1999' on page 2 undefined on input line 191.


Package natbib Warning: Citation `Kerstein2001' on page 2 undefined on input line 191.


Package natbib Warning: Citation `Kerstein1991' on page 2 undefined on input line 192.


Package natbib Warning: Citation `WunschKerstein2001' on page 2 undefined on input line 197.


Package natbib Warning: Citation `Kerstein2001' on page 2 undefined on input line 197.


Package natbib Warning: Citation `AshurstKerstein2005' on page 2 undefined on input line 198.


Package natbib Warning: Citation `Lignell2013' on page 2 undefined on input line 199.


Package natbib Warning: Citation `StephensLignell2021' on page 2 undefined on input line 199.


Package natbib Warning: Citation `Lignell2018' on page 2 undefined on input line 199.


Package natbib Warning: Citation `SchmidtKerstein2010' on page 2 undefined on input line 200.


Package natbib Warning: Citation `SharmaKleinSchmidt2022' on page 2 undefined on input line 202.


Package natbib Warning: Citation `MedinaMendez2023' on page 2 undefined on input line 202.


Overfull \hbox (1.61096pt too wide) has occurred while \output is active
[] 
[2] (c:/Users/shar_sp/AppData/Roaming/TinyTeX/texmf-dist/tex/latex/newtx/ts1ntxtlf.fd)

LaTeX Warning: Reference `sec:formulation' on page 3 undefined on input line 217.


LaTeX Warning: Reference `sec:verification' on page 3 undefined on input line 224.


LaTeX Warning: Reference `sec:spec-linref' on page 3 undefined on input line 229.


LaTeX Warning: Reference `sec:box-dns' on page 3 undefined on input line 236.


LaTeX Warning: Reference `sec:gate' on page 3 undefined on input line 243.


LaTeX Warning: Reference `sec:limits' on page 3 undefined on input line 245.


LaTeX Warning: Reference `sec:lenoise' on page 3 undefined on input line 256.

[3{c:/Users/shar_sp/AppData/Roaming/TinyTeX/texmf-dist/fonts/enc/dvips/tex-gyre/q-ts1.enc}]

LaTeX Warning: Reference `sec:formulation' on page 4 undefined on input line 270.


LaTeX Warning: Reference `sec:verification' on page 4 undefined on input line 271.


Package natbib Warning: Citation `LeeReynolds1985' on page 4 undefined on input line 273.


LaTeX Warning: Reference `sec:val-spectrum' on page 4 undefined on input line 274.


LaTeX Warning: Reference `sec:gate' on page 4 undefined on input line 276.


LaTeX Warning: Reference `sec:limits' on page 4 undefined on input line 278.


LaTeX Warning: Reference `sec:lenoise' on page 4 undefined on input line 280.


LaTeX Warning: Reference `sec:conclusions' on page 4 undefined on input line 282.


Package natbib Warning: Citation `ChenMeneveauKatz2006' on page 4 undefined on input line 284.


LaTeX Warning: Reference `sec:strain-forcing' on page 4 undefined on input line 304.


LaTeX Warning: Reference `sec:rapid-kernel' on page 4 undefined on input line 308.


LaTeX Warning: Reference `sec:domain-strain' on page 4 undefined on input line 310.


Package natbib Warning: Citation `Kerstein1999' on page 4 undefined on input line 328.


Package natbib Warning: Citation `Kerstein2001' on page 4 undefined on input line 329.


Package xcolor Warning: Incompatible color definition on input line 346.

[4]

Package natbib Warning: Citation `Kerstein1991' on page 5 undefined on input line 348.


Package natbib Warning: Citation `Kerstein1999' on page 5 undefined on input line 348.


Package natbib Warning: Citation `Kerstein2001' on page 5 undefined on input line 354.


LaTeX Warning: Reference `sec:strain-forcing' on page 5 undefined on input line 356.


Package natbib Warning: Citation `WunschKerstein2001' on page 5 undefined on input line 372.


Package natbib Warning: Citation `Kerstein2001' on page 5 undefined on input line 372.

(c:/Users/shar_sp/AppData/Roaming/TinyTeX/texmf-dist/tex/latex/tex-gyre/ot1qhv.fd)

LaTeX Warning: Reference `sec:rapid-slow' on page 5 undefined on input line 400.


Package natbib Warning: Citation `Kerstein1999' on page 5 undefined on input line 408.


Package natbib Warning: Citation `StephensLignell2021' on page 5 undefined on input line 408.


Package natbib Warning: Citation `Kerstein1999' on page 5 undefined on input line 410.


Package natbib Warning: Citation `Kerstein2001' on page 5 undefined on input line 411.


Underfull \vbox (badness 10000) has occurred while \output is active
Underfull \vbox (badness 10000) has occurred while \output is active [5{c:/Users/shar_sp/AppData/Roaming/TinyTeX/texmf-dist/fonts/enc/dvips/tex-gyre/q-rm.enc}]

Package natbib Warning: Citation `Pope2000' on page 6 undefined on input line 432.


Package natbib Warning: Citation `Pope2000' on page 6 undefined on input line 435.


LaTeX Warning: Reference `eq:redistribution' on page 6 undefined on input line 449.


LaTeX Warning: Reference `eq:ci' on page 6 undefined on input line 449.


Package natbib Warning: Citation `BatchelorProudman1954' on page 6 undefined on input line 456.


Package natbib Warning: Citation `Hunt1973' on page 6 undefined on input line 456.


Package natbib Warning: Citation `HuntCarruthers1990' on page 6 undefined on input line 456.


LaTeX Warning: Reference `eq:rdt' on page 6 undefined on input line 473.


LaTeX Warning: Reference `eq:rdt' on page 6 undefined on input line 477.


LaTeX Warning: Reference `eq:rdt' on page 6 undefined on input line 481.


LaTeX Warning: Reference `sec:rapid-kernel' on page 6 undefined on input line 497.


LaTeX Warning: Reference `eq:event' on page 6 undefined on input line 498.


LaTeX Warning: Reference `eq:ci' on page 6 undefined on input line 498.


LaTeX Warning: Reference `eq:cont-evolution' on page 6 undefined on input line 500.


LaTeX Warning: Reference `eq:kernel-identities' on page 6 undefined on input line 505.


LaTeX Warning: Reference `eq:cont-evolution' on page 6 undefined on input line 511.


Overfull \hbox (1.61096pt too wide) has occurred while \output is active
[] 
[6]

LaTeX Warning: Reference `sec:domain-strain' on page 7 undefined on input line 521.


LaTeX Warning: Reference `eq:rstransport' on page 7 undefined on input line 531.


LaTeX Warning: Reference `eq:rdt' on page 7 undefined on input line 558.


LaTeX Warning: Reference `eq:exact-rps' on page 7 undefined on input line 585.


Package natbib Warning: Citation `Crow1968' on page 7 undefined on input line 590.


Package natbib Warning: Citation `LaunderReeceRodi1975' on page 7 undefined on input line 590.


Package natbib Warning: Citation `Pope2000' on page 7 undefined on input line 590.


LaTeX Warning: Reference `sec:gate' on page 7 undefined on input line 596.

[7]

LaTeX Warning: Reference `eq:exact-rps' on page 8 undefined on input line 615.


Package natbib Warning: Citation `Crow1968' on page 8 undefined on input line 625.


Package natbib Warning: Citation `Pope2000' on page 8 undefined on input line 627.


LaTeX Warning: Reference `eq:exact-rps' on page 8 undefined on input line 628.


Package natbib Warning: Citation `LaunderReeceRodi1975' on page 8 undefined on input line 631.


LaTeX Warning: Reference `eq:iso-closure' on page 8 undefined on input line 632.


LaTeX Warning: Reference `sec:verification' on page 8 undefined on input line 633.


LaTeX Warning: Reference `eq:lyapunov' on page 8 undefined on input line 648.


LaTeX Warning: Reference `eq:production-rate' on page 8 undefined on input line 670.


LaTeX Warning: Reference `eq:lyapunov' on page 8 undefined on input line 672.


LaTeX Warning: Reference `eq:dRdt-rdt' on page 8 undefined on input line 673.


LaTeX Warning: Reference `eq:crow' on page 8 undefined on input line 674.


LaTeX Warning: Reference `eq:cont-evolution' on page 8 undefined on input line 682.


LaTeX Warning: Reference `sec:verification' on page 8 undefined on input line 686.


LaTeX Warning: Reference `sec:val-spectrum' on page 8 undefined on input line 686.


LaTeX Warning: Reference `sec:threeway' on page 8 undefined on input line 688.


Overfull \hbox (1.61096pt too wide) has occurred while \output is active
[] 
[8]

LaTeX Warning: Reference `eq:rdt' on page 9 undefined on input line 693.


Package natbib Warning: Citation `Lignell2013' on page 9 undefined on input line 714.


LaTeX Warning: Reference `eq:rdt' on page 9 undefined on input line 723.


LaTeX Warning: Reference `eq:lyapunov' on page 9 undefined on input line 739.


LaTeX Warning: Reference `eq:iso-B' on page 9 undefined on input line 740.


LaTeX Warning: Reference `eq:dilatation' on page 9 undefined on input line 741.


LaTeX Warning: Reference `sec:verification' on page 9 undefined on input line 764.


LaTeX Warning: Reference `sec:val-spectrum' on page 9 undefined on input line 764.

[9]

LaTeX Warning: Reference `sec:val-spectrum' on page 10 undefined on input line 784.


Package natbib Warning: Citation `LeeReynolds1985' on page 10 undefined on input line 786.


LaTeX Warning: Reference `sec:val-spectrum' on page 10 undefined on input line 789.


LaTeX Warning: Reference `sec:summary' on page 10 undefined on input line 794.


LaTeX Warning: Reference `sec:limits' on page 10 undefined on input line 802.


LaTeX Warning: Reference `sec:domain-strain' on page 10 undefined on input line 826.


LaTeX Warning: Reference `eq:cont-evolution' on page 10 undefined on input line 830.


LaTeX Warning: Reference `eq:production-rate' on page 10 undefined on input line 831.


LaTeX Warning: Reference `eq:crow' on page 10 undefined on input line 831.


LaTeX Warning: Reference `sec:rapid-kernel' on page 10 undefined on input line 850.


LaTeX Warning: Reference `eq:onset-rate' on page 10 undefined on input line 850.


Package xcolor Warning: Incompatible color definition on input line 854.

[10]

LaTeX Warning: Reference `eq:exact-rps' on page 11 undefined on input line 859.


LaTeX Warning: Reference `eq:iso-closure' on page 11 undefined on input line 863.


Package natbib Warning: Citation `LaunderReeceRodi1975' on page 11 undefined on input line 865.


LaTeX Warning: Reference `eq:lrr' on page 11 undefined on input line 876.


LaTeX Warning: Reference `eq:crow' on page 11 undefined on input line 877.


LaTeX Warning: Reference `eq:rdt' on page 11 undefined on input line 879.


LaTeX Warning: Reference `eq:onset-rate' on page 11 undefined on input line 884.


LaTeX Warning: Reference `fig:rdt-components' on page 11 undefined on input line 887.


LaTeX Warning: Reference `eq:onset-rate' on page 11 undefined on input line 890.


LaTeX Warning: Reference `sec:order' on page 11 undefined on input line 907.


LaTeX Warning: Reference `eq:rdt' on page 11 undefined on input line 926.


LaTeX Warning: Reference `eq:lrr' on page 11 undefined on input line 926.


LaTeX Warning: Reference `eq:iso-closure' on page 11 undefined on input line 926.


LaTeX Warning: Reference `eq:rdt' on page 11 undefined on input line 926.


LaTeX Warning: Reference `eq:lrr' on page 11 undefined on input line 926.


LaTeX Warning: Reference `eq:iso-closure' on page 11 undefined on input line 926.


LaTeX Warning: Reference `fig:rdt-upwash' on page 11 undefined on input line 932.

[11]

LaTeX Warning: Reference `eq:lyapunov' on page 12 undefined on input line 965.


LaTeX Warning: Reference `fig:level1a' on page 12 undefined on input line 974.


LaTeX Warning: Reference `sec:finite-strain' on page 12 undefined on input line 982.


LaTeX Warning: Reference `sec:val-spectrum' on page 12 undefined on input line 994.


LaTeX Warning: Reference `sec:gate' on page 12 undefined on input line 995.


Overfull \hbox (1.61096pt too wide) has occurred while \output is active
[] 
[12 <./Figures/fig_rdt_components.pdf>]

LaTeX Warning: Reference `sec:finite-strain' on page 13 undefined on input line 1016.


LaTeX Warning: Reference `sec:finite-strain' on page 13 undefined on input line 1016.


Package natbib Warning: Citation `LeeReynolds1985' on page 13 undefined on input line 1023.


LaTeX Warning: Reference `sec:val-spectrum' on page 13 undefined on input line 1029.


Package natbib Warning: Citation `LeePiomelliReynolds1986' on page 13 undefined on input line 1031.


LaTeX Warning: Reference `sec:val-spectrum' on page 13 undefined on input line 1034.


Package natbib Warning: Citation `LeeReynolds1985' on page 13 undefined on input line 1035.


Package natbib Warning: Citation `ReynoldsKassinos1995' on page 13 undefined on input line 1039.


Package natbib Warning: Citation `KassinosReynoldsRogers2001' on page 13 undefined on input line 1040.


Package natbib Warning: Citation `KassinosReynolds1998' on page 13 undefined on input line 1041.


Package natbib Warning: Citation `ZusiPerot2013' on page 13 undefined on input line 1044.


LaTeX Warning: Reference `fig:lr-plane-fig' on page 13 undefined on input line 1045.


Package natbib Warning: Citation `ZusiPerot2014' on page 13 undefined on input line 1045.


LaTeX Warning: Reference `fig:lr-axisym-fig' on page 13 undefined on input line 1046.


Package natbib Warning: Citation `ChenMeneveauKatz2006' on page 13 undefined on input line 1049.


Package natbib Warning: Citation `GualtieriMeneveau2010' on page 13 undefined on input line 1050.


Package natbib Warning: Citation `LeeReynolds1985' on page 13 undefined on input line 1064.

[13 <./Figures/fig_upwash_amplification.pdf>]

LaTeX Warning: Reference `fig:lr-plane-fig' on page 14 undefined on input line 1073.


LaTeX Warning: Reference `sec:finite-strain' on page 14 undefined on input line 1083.


LaTeX Warning: Reference `fig:lr-axisym-fig' on page 14 undefined on input line 1087.


Package natbib Warning: Citation `ZusiPerot2014' on page 14 undefined on input line 1088.


Package natbib Warning: Citation `LeeReynolds1985' on page 14 undefined on input line 1107.


Package natbib Warning: Citation `LeeReynolds1985' on page 14 undefined on input line 1107.


Package natbib Warning: Citation `ZusiPerot2013' on page 14 undefined on input line 1107.


Package natbib Warning: Citation `LeeReynolds1985' on page 14 undefined on input line 1107.


Package natbib Warning: Citation `LeeReynolds1985' on page 14 undefined on input line 1107.


Package natbib Warning: Citation `ZusiPerot2013' on page 14 undefined on input line 1107.


Package natbib Warning: Citation `LeeReynolds1985' on page 14 undefined on input line 1124.


Package natbib Warning: Citation `ZusiPerot2014' on page 14 undefined on input line 1124.


LaTeX Warning: Reference `sec:finite-strain' on page 14 undefined on input line 1124.


Package natbib Warning: Citation `LeeReynolds1985' on page 14 undefined on input line 1124.


Package natbib Warning: Citation `ZusiPerot2014' on page 14 undefined on input line 1124.


LaTeX Warning: Reference `sec:finite-strain' on page 14 undefined on input line 1124.


LaTeX Warning: Reference `fig:lr-b11' on page 14 undefined on input line 1130.


LaTeX Warning: Reference `sec:finite-strain' on page 14 undefined on input line 1132.


LaTeX Warning: Reference `sec:finite-strain' on page 14 undefined on input line 1135.


Package natbib Warning: Citation `LeeReynolds1985' on page 14 undefined on input line 1140.


LaTeX Warning: Reference `sec:order' on page 14 undefined on input line 1145.


Package natbib Warning: Citation `LeeReynolds1985' on page 14 undefined on input line 1153.


LaTeX Warning: Reference `sec:gate' on page 14 undefined on input line 1156.


Overfull \hbox (1.61096pt too wide) has occurred while \output is active
[] 
[14 <./Figures/fig_level1a.pdf>] [15 <./Figures/fig_LR_plane.pdf> <./Figures/fig_LR_axisym.pdf>]

Package natbib Warning: Citation `LeeReynolds1985' on page 16 undefined on input line 1170.


LaTeX Warning: Reference `sec:order' on page 16 undefined on input line 1170.


Package natbib Warning: Citation `LeeReynolds1985' on page 16 undefined on input line 1170.


LaTeX Warning: Reference `sec:order' on page 16 undefined on input line 1170.


LaTeX Warning: Reference `sec:spec-rdt' on page 16 undefined on input line 1191.


LaTeX Warning: Reference `sec:spec-linref' on page 16 undefined on input line 1191.


LaTeX Warning: Reference `sec:spec-bvc' on page 16 undefined on input line 1193.


LaTeX Warning: Reference `sec:spec-op' on page 16 undefined on input line 1193.


LaTeX Warning: Reference `sec:box-dns' on page 16 undefined on input line 1196.


Overfull \hbox (1.61096pt too wide) has occurred while \output is active
[] 
[16 <./Figures/fig_LR_b11_closure.pdf>]

Package natbib Warning: Citation `BatchelorProudman1954' on page 17 undefined on input line 1206.


Package natbib Warning: Citation `HuntCarruthers1990' on page 17 undefined on input line 1206.


LaTeX Warning: Reference `sec:rapid-kernel' on page 17 undefined on input line 1208.


LaTeX Warning: Reference `sec:spec-linref' on page 17 undefined on input line 1214.


LaTeX Warning: Reference `fig:spec-rdt' on page 17 undefined on input line 1218.


LaTeX Warning: Reference `eq:rdt' on page 17 undefined on input line 1237.


LaTeX Warning: Reference `sec:box-dns' on page 17 undefined on input line 1244.


LaTeX Warning: Reference `fig:rdt-projection' on page 17 undefined on input line 1256.


LaTeX Warning: Reference `sec:box-dns' on page 17 undefined on input line 1257.


LaTeX Warning: Reference `sec:box-dns' on page 17 undefined on input line 1276.


LaTeX Warning: Reference `sec:box-dns' on page 17 undefined on input line 1276.


LaTeX Warning: Reference `sec:spec-bvc' on page 17 undefined on input line 1282.


LaTeX Warning: Reference `sec:threeway' on page 17 undefined on input line 1288.

[17]

LaTeX Warning: Reference `sec:summary' on page 18 undefined on input line 1322.


Underfull \vbox (badness 7667) has occurred while \output is active
Underfull \vbox (badness 7667) has occurred while \output is active
Overfull \hbox (1.61096pt too wide) has occurred while \output is active
[] 
[18 <./Figures/fig_rdt_projection.pdf> <./Figures/fig_spec_kinematic.pdf>]

LaTeX Warning: Reference `fig:spec-bvc' on page 19 undefined on input line 1327.


LaTeX Warning: Reference `sec:spec-linref' on page 19 undefined on input line 1345.


LaTeX Warning: Reference `fig:rdt-projection' on page 19 undefined on input line 1349.


LaTeX Warning: Reference `sec:threeway' on page 19 undefined on input line 1355.


Package natbib Warning: Citation `deSantana2016' on page 19 undefined on input line 1359.


LaTeX Warning: Reference `fig:spec-op' on page 19 undefined on input line 1398.


Package natbib Warning: Citation `Kolmogorov1991' on page 19 undefined on input line 1403.


Package natbib Warning: Citation `Pope2000' on page 19 undefined on input line 1403.


LaTeX Warning: Reference `sec:spec-bvc' on page 19 undefined on input line 1406.

[19]

LaTeX Warning: Reference `sec:threeway' on page 20 undefined on input line 1422.


Package natbib Warning: Citation `ChenMeneveauKatz2006' on page 20 undefined on input line 1460.


Package natbib Warning: Citation `LeePiomelliReynolds1986' on page 20 undefined on input line 1464.


LaTeX Warning: Reference `sec:level1a' on page 20 undefined on input line 1468.


LaTeX Warning: Reference `sec:spec-bvc' on page 20 undefined on input line 1473.


Overfull \hbox (1.61096pt too wide) has occurred while \output is active
[] 
[20 <./Figures/fig_spec_bvc.pdf>]

LaTeX Warning: Reference `sec:spec-bvc' on page 21 undefined on input line 1485.


LaTeX Warning: Reference `sec:cmk' on page 21 undefined on input line 1486.


LaTeX Warning: Reference `sec:lr-validation' on page 21 undefined on input line 1487.


LaTeX Warning: Reference `sec:spec-linref' on page 21 undefined on input line 1503.

[21 <./Figures/fig_spec_op.pdf>]

LaTeX Warning: Reference `fig:threeway' on page 22 undefined on input line 1528.


LaTeX Warning: Reference `tab:threeway' on page 22 undefined on input line 1528.


Package natbib Warning: Citation `ClayYeung2016' on page 22 undefined on input line 1554.


LaTeX Warning: Reference `sec:spec-linref' on page 22 undefined on input line 1556.


LaTeX Warning: Reference `sec:lr-plane' on page 22 undefined on input line 1559.


LaTeX Warning: Reference `fig:threeway' on page 22 undefined on input line 1561.


LaTeX Warning: Reference `sec:gate' on page 22 undefined on input line 1572.


LaTeX Warning: Reference `fig:rdt-distance' on page 22 undefined on input line 1603.


Overfull \hbox (1.61096pt too wide) has occurred while \output is active
[] 
[22]

LaTeX Warning: Reference `sec:val-spectrum' on page 23 undefined on input line 1638.


LaTeX Warning: Reference `sec:formulation' on page 23 undefined on input line 1642.


Package natbib Warning: Citation `LaunderReeceRodi1975' on page 23 undefined on input line 1642.


Package natbib Warning: Citation `ClayYeung2016' on page 23 undefined on input line 1649.


Underfull \vbox (badness 10000) has occurred while \output is active
Underfull \vbox (badness 10000) has occurred while \output is active [23 <./Figures/fig_threeway.pdf>]

LaTeX Warning: Reference `sec:exact-pi' on page 24 undefined on input line 1662.


LaTeX Warning: Reference `sec:obstruction' on page 24 undefined on input line 1662.


LaTeX Warning: Reference `sec:assumption' on page 24 undefined on input line 1664.


LaTeX Warning: Reference `sec:bounds' on page 24 undefined on input line 1665.


LaTeX Warning: Reference `sec:a1meas' on page 24 undefined on input line 1668.


LaTeX Warning: Reference `sec:order' on page 24 undefined on input line 1669.


LaTeX Warning: Reference `sec:lrr-reduction' on page 24 undefined on input line 1672.


LaTeX Warning: Reference `sec:doublecount' on page 24 undefined on input line 1672.


LaTeX Warning: Reference `eq:poisson' on page 24 undefined on input line 1676.


Package natbib Warning: Citation `Pope2000' on page 24 undefined on input line 1680.


Overfull \hbox (1.61096pt too wide) has occurred while \output is active
[] 
[24 <./Figures/fig_rdt_distance.pdf>]

LaTeX Warning: Reference `eq:prapid' on page 25 undefined on input line 1698.


Package natbib Warning: Citation `BatchelorProudman1954' on page 25 undefined on input line 1704.


Package natbib Warning: Citation `Crow1968' on page 25 undefined on input line 1704.


Package natbib Warning: Citation `HuntCarruthers1990' on page 25 undefined on input line 1704.


LaTeX Warning: Reference `eq:poisson' on page 25 undefined on input line 1718.


LaTeX Warning: Reference `eq:Mijkl' on page 25 undefined on input line 1718.


LaTeX Warning: Reference `eq:prapid' on page 25 undefined on input line 1722.


LaTeX Warning: Reference `eq:Mijkl' on page 25 undefined on input line 1740.


LaTeX Warning: Reference `eq:phi1d' on page 25 undefined on input line 1744.


Overfull \hbox (0.50798pt too wide) in paragraph at lines 1738--1750
\OT1/minntx/m/n/10.74011 the one-dimensional spec-tra ob-tained by in-te-grat-ing $\OML/ntxmi/m/it/10.74011 ^^H[]$ \OT1/minntx/m/n/10.74011 over the two un-re-solved wavenum-

LaTeX Warning: Reference `sec:assumption' on page 25 undefined on input line 1752.


LaTeX Warning: Reference `sec:a1meas' on page 25 undefined on input line 1782.

[25]

LaTeX Warning: Reference `eq:Mijkl' on page 26 undefined on input line 1784.


Overfull \hbox (11.4153pt too wide) in paragraph at lines 1784--1788
[]\OT1/minntx/m/n/10.74011 Under A1 the an-gu-lar in-te-gral in [] can be car-ried out. Writ-ing $[] \U/ntxmia/m/it/10.74011 = \LMS/ntxsy/m/n/10.74011 ¹\OML/ntxmi/m/it/10.74011 ^^T[] [] ^^R;  ^^T[];  ^^T[] [] ^^R\LMS/ntxsy/m/n/10.74011 º$

LaTeX Warning: Reference `eq:angular' on page 26 undefined on input line 1801.


LaTeX Warning: Reference `eq:Mijkl' on page 26 undefined on input line 1801.


Package natbib Warning: Citation `Batchelor1946' on page 26 undefined on input line 1815.


Package natbib Warning: Citation `ChandrasekharAxisym1950' on page 26 undefined on input line 1815.


LaTeX Warning: Reference `eq:angular' on page 26 undefined on input line 1819.


LaTeX Warning: Reference `eq:Piclosed' on page 26 undefined on input line 1840.


LaTeX Warning: Reference `eq:g3' on page 26 undefined on input line 1840.


Package natbib Warning: Citation `Crow1968' on page 26 undefined on input line 1853.


LaTeX Warning: Reference `eq:Piclosed' on page 26 undefined on input line 1856.


LaTeX Warning: Reference `eq:g3' on page 26 undefined on input line 1856.


LaTeX Warning: Reference `eq:Epar' on page 26 undefined on input line 1862.


LaTeX Warning: Reference `eq:Piclosed' on page 26 undefined on input line 1863.


LaTeX Warning: Reference `eq:g3' on page 26 undefined on input line 1863.


Overfull \hbox (1.61096pt too wide) has occurred while \output is active
[] 
[26]

LaTeX Warning: Reference `eq:Piclosed' on page 27 undefined on input line 1878.


LaTeX Warning: Reference `app:forward' on page 27 undefined on input line 1886.


LaTeX Warning: Reference `sec:a1meas' on page 27 undefined on input line 1902.


LaTeX Warning: Reference `sec:box-dns' on page 27 undefined on input line 1916.


LaTeX Warning: Reference `tab:a1meas' on page 27 undefined on input line 1938.


LaTeX Warning: Reference `fig:a1control' on page 27 undefined on input line 1956.

[27]

LaTeX Warning: Reference `eq:g1' on page 28 undefined on input line 2000.


LaTeX Warning: Reference `eq:g3' on page 28 undefined on input line 2000.


Overfull \hbox (1.61096pt too wide) has occurred while \output is active
[] 
[28 <./Figures/fig_a1_control.pdf>]

LaTeX Warning: Reference `eq:Piclosed' on page 29 undefined on input line 2006.


LaTeX Warning: Reference `eq:g3' on page 29 undefined on input line 2006.


LaTeX Warning: Reference `sec:val-spectrum' on page 29 undefined on input line 2007.


LaTeX Warning: Reference `sec:rapid-kernel' on page 29 undefined on input line 2008.


Package natbib Warning: Citation `LaunderReeceRodi1975' on page 29 undefined on input line 2009.


LaTeX Warning: Reference `fig:pi-kernels' on page 29 undefined on input line 2015.


LaTeX Warning: Reference `eq:g1' on page 29 undefined on input line 2016.


LaTeX Warning: Reference `eq:g3' on page 29 undefined on input line 2016.


Package natbib Warning: Citation `Crow1968' on page 29 undefined on input line 2051.


Package natbib Warning: Citation `LaunderReeceRodi1975' on page 29 undefined on input line 2052.


LaTeX Warning: Reference `eq:poisson' on page 29 undefined on input line 2055.


LaTeX Warning: Reference `eq:g1' on page 29 undefined on input line 2055.


LaTeX Warning: Reference `eq:g3' on page 29 undefined on input line 2055.


LaTeX Warning: Reference `eq:crow-spectral' on page 29 undefined on input line 2057.


LaTeX Warning: Reference `eq:giso' on page 29 undefined on input line 2058.


LaTeX Warning: Reference `eq:gtrace' on page 29 undefined on input line 2058.


LaTeX Warning: Reference `sec:val-spectrum' on page 29 undefined on input line 2062.


LaTeX Warning: Reference `eq:Piclosed' on page 29 undefined on input line 2064.


LaTeX Warning: Reference `sec:threeway' on page 29 undefined on input line 2068.


LaTeX Warning: Reference `sec:order' on page 29 undefined on input line 2069.


LaTeX Warning: Reference `sec:val-spectrum' on page 29 undefined on input line 2071.

[29]

LaTeX Warning: Reference `eq:g1' on page 30 undefined on input line 2085.


LaTeX Warning: Reference `eq:g3' on page 30 undefined on input line 2085.


LaTeX Warning: Reference `eq:gtrace' on page 30 undefined on input line 2085.


LaTeX Warning: Reference `eq:giso' on page 30 undefined on input line 2085.


Package natbib Warning: Citation `Crow1968' on page 30 undefined on input line 2085.


LaTeX Warning: Reference `sec:val-spectrum' on page 30 undefined on input line 2085.


LaTeX Warning: Reference `eq:g1' on page 30 undefined on input line 2085.


LaTeX Warning: Reference `eq:g3' on page 30 undefined on input line 2085.


LaTeX Warning: Reference `eq:gtrace' on page 30 undefined on input line 2085.


LaTeX Warning: Reference `eq:giso' on page 30 undefined on input line 2085.


Package natbib Warning: Citation `Crow1968' on page 30 undefined on input line 2085.


LaTeX Warning: Reference `sec:val-spectrum' on page 30 undefined on input line 2085.


LaTeX Warning: Reference `eq:poisson' on page 30 undefined on input line 2095.


LaTeX Warning: Reference `eq:Piclosed' on page 30 undefined on input line 2103.


LaTeX Warning: Reference `sec:spec-bvc' on page 30 undefined on input line 2107.


LaTeX Warning: Reference `sec:spec-bvc' on page 30 undefined on input line 2108.


LaTeX Warning: Reference `app:numerics' on page 30 undefined on input line 2113.


Overfull \hbox (1.61096pt too wide) has occurred while \output is active
[] 
[30 <./Figures/fig_pi_kernels.pdf>]

LaTeX Warning: Reference `eq:Piclosed' on page 31 undefined on input line 2131.


LaTeX Warning: Reference `eq:g3' on page 31 undefined on input line 2131.


LaTeX Warning: Reference `tab:a1meas' on page 31 undefined on input line 2134.


LaTeX Warning: Reference `sec:val-spectrum' on page 31 undefined on input line 2143.


LaTeX Warning: Reference `sec:order' on page 31 undefined on input line 2143.


LaTeX Warning: Reference `sec:envelope' on page 31 undefined on input line 2160.


LaTeX Warning: Reference `sec:box-dns' on page 31 undefined on input line 2186.

[31]

LaTeX Warning: Reference `fig:clock' on page 32 undefined on input line 2194.


LaTeX Warning: Reference `sec:threeway' on page 32 undefined on input line 2195.


LaTeX Warning: Reference `sec:formulation' on page 32 undefined on input line 2236.


Overfull \hbox (1.61096pt too wide) has occurred while \output is active
[] 
[32]

LaTeX Warning: Reference `fig:clock' on page 33 undefined on input line 2299.


LaTeX Warning: Reference `sec:lr-validation' on page 33 undefined on input line 2309.


LaTeX Warning: Reference `eq:Piclosed' on page 33 undefined on input line 2352.


LaTeX Warning: Reference `eq:g3' on page 33 undefined on input line 2352.


LaTeX Warning: Reference `sec:formulation' on page 33 undefined on input line 2354.

[33]

LaTeX Warning: Reference `fig:fourway' on page 34 undefined on input line 2358.


LaTeX Warning: Reference `sec:threeway' on page 34 undefined on input line 2359.


LaTeX Warning: Reference `fig:clock' on page 34 undefined on input line 2376.


Overfull \hbox (9.58878pt too wide) in paragraph at lines 2357--2382
\OT1/minntx/m/n/10.74011 anisotropy per wavenum-ber band---the ob-serv-able on which \TS1/ntxtlf/m/n/10.74011 §[] \OT1/minntx/m/n/10.74011 es-tab-lished the benchmark---

LaTeX Warning: Reference `sec:threeway' on page 34 undefined on input line 2397.


LaTeX Warning: Reference `sec:box-dns' on page 34 undefined on input line 2397.


LaTeX Warning: Reference `sec:threeway' on page 34 undefined on input line 2397.


LaTeX Warning: Reference `sec:box-dns' on page 34 undefined on input line 2397.


Overfull \hbox (1.61096pt too wide) has occurred while \output is active
[] 
[34 <./Figures/fig_clock.pdf>]

Package natbib Warning: Citation `Amiet1975' on page 35 undefined on input line 2410.


LaTeX Warning: Reference `sec:envelope' on page 35 undefined on input line 2435.


LaTeX Warning: Reference `eq:knoise' on page 35 undefined on input line 2440.


LaTeX Warning: Reference `sec:gate' on page 35 undefined on input line 2441.


LaTeX Warning: Reference `fig:rdt-distance' on page 35 undefined on input line 2444.


LaTeX Warning: Reference `sec:finite-strain' on page 35 undefined on input line 2450.

[35 <./Figures/fig_fourway5.pdf>]

LaTeX Warning: Reference `fig:lenoise' on page 36 undefined on input line 2475.


LaTeX Warning: Reference `sec:gate' on page 36 undefined on input line 2481.


LaTeX Warning: Reference `eq:knoise' on page 36 undefined on input line 2482.


LaTeX Warning: Reference `sec:spec-op' on page 36 undefined on input line 2510.


Package natbib Warning: Citation `Amiet1975' on page 36 undefined on input line 2510.


LaTeX Warning: Reference `sec:spec-op' on page 36 undefined on input line 2510.


Package natbib Warning: Citation `Amiet1975' on page 36 undefined on input line 2510.


LaTeX Warning: Reference `fig:amiet-abs' on page 36 undefined on input line 2514.


LaTeX Warning: Reference `sec:spec-op' on page 36 undefined on input line 2516.


LaTeX Warning: Reference `fig:lenoise' on page 36 undefined on input line 2531.


Overfull \hbox (1.61096pt too wide) has occurred while \output is active
[] 
[36 <./Figures/fig_lenoise.pdf>]

Package natbib Warning: Citation `Amiet1975' on page 37 undefined on input line 2558.


Package natbib Warning: Citation `RogerMoreau2010' on page 37 undefined on input line 2558.


Package natbib Warning: Citation `PatersonAmiet1976' on page 37 undefined on input line 2558.


Package natbib Warning: Citation `Bampanis2022' on page 37 undefined on input line 2558.


Package natbib Warning: Citation `Narayanan2015' on page 37 undefined on input line 2558.


Package natbib Warning: Citation `Amiet1975' on page 37 undefined on input line 2558.


Package natbib Warning: Citation `RogerMoreau2010' on page 37 undefined on input line 2558.


Package natbib Warning: Citation `PatersonAmiet1976' on page 37 undefined on input line 2558.


Package natbib Warning: Citation `Bampanis2022' on page 37 undefined on input line 2558.


Package natbib Warning: Citation `Narayanan2015' on page 37 undefined on input line 2558.


LaTeX Warning: Reference `fig:expval' on page 37 undefined on input line 2563.


Package natbib Warning: Citation `PatersonAmiet1976' on page 37 undefined on input line 2565.


Package natbib Warning: Citation `Bampanis2022' on page 37 undefined on input line 2567.


Package natbib Warning: Citation `Narayanan2015' on page 37 undefined on input line 2567.


Package natbib Warning: Citation `Bampanis2022' on page 37 undefined on input line 2578.


Package natbib Warning: Citation `PatersonAmiet1976' on page 37 undefined on input line 2595.


Package natbib Warning: Citation `Gershfeld2004' on page 37 undefined on input line 2597.

[37 <./Figures/fig_amiet_abs.pdf>]

LaTeX Warning: Reference `sec:box-dns' on page 38 undefined on input line 2617.


LaTeX Warning: Reference `sec:box-dns' on page 38 undefined on input line 2617.


LaTeX Warning: Reference `fig:amiet-rapid' on page 38 undefined on input line 2622.


LaTeX Warning: Reference `sec:envelope' on page 38 undefined on input line 2628.


LaTeX Warning: Reference `fig:amiet-rapid' on page 38 undefined on input line 2638.


Overfull \hbox (1.61096pt too wide) has occurred while \output is active
[] 
[38 <./Figures/fig_expval_paper.pdf>]

Package natbib Warning: Citation `HuntGraham1978' on page 39 undefined on input line 2650.


Package natbib Warning: Citation `dosSantos2023' on page 39 undefined on input line 2650.


Package natbib Warning: Citation `Piccolo2024' on page 39 undefined on input line 2650.


LaTeX Warning: Reference `fig:amiet-abs' on page 39 undefined on input line 2659.


LaTeX Warning: Reference `sec:envelope' on page 39 undefined on input line 2664.


LaTeX Warning: Reference `sec:limits' on page 39 undefined on input line 2665.

[39 <./Figures/fig_amiet_rapid.pdf>]

Package natbib Warning: Citation `LeeReynolds1985' on page 40 undefined on input line 2686.


LaTeX Warning: Reference `sec:gate' on page 40 undefined on input line 2730.


LaTeX Warning: Reference `sec:lenoise' on page 40 undefined on input line 2738.


Underfull \vbox (badness 1014) has occurred while \output is active
Underfull \vbox (badness 1014) has occurred while \output is active
Overfull \hbox (1.61096pt too wide) has occurred while \output is active
[] 
[40]
pdfTeX warning (ext4): destination with the same identifier (name{section.1}) has been already used, duplicate ignored
<to be read again> 
                   \relax 
l.2760 ...n{The forward map and the bound kernels}
                                                  \label{app:forward}

LaTeX Warning: Reference `sec:gate' on page 41 undefined on input line 2765.


LaTeX Warning: Reference `eq:g1' on page 41 undefined on input line 2769.


LaTeX Warning: Reference `eq:g3' on page 41 undefined on input line 2769.


LaTeX Warning: Reference `sec:bounds' on page 41 undefined on input line 2770.


Package natbib Warning: Citation `Batchelor1946' on page 41 undefined on input line 2781.


Package natbib Warning: Citation `ChandrasekharAxisym1950' on page 41 undefined on input line 2781.


Package natbib Warning: Citation `Lindborg1995' on page 41 undefined on input line 2781.


LaTeX Warning: Reference `sec:bounds' on page 41 undefined on input line 2809.


LaTeX Warning: Reference `eq:twoscalar' on page 41 undefined on input line 2823.


LaTeX Warning: Reference `eq:phi1d' on page 41 undefined on input line 2835.


Underfull \vbox (badness 2213) has occurred while \output is active
Underfull \vbox (badness 2213) has occurred while \output is active [41]

LaTeX Warning: Reference `eq:fwd11' on page 42 undefined on input line 2853.


LaTeX Warning: Reference `eq:fwdcross' on page 42 undefined on input line 2853.


LaTeX Warning: Reference `sec:bounds' on page 42 undefined on input line 2854.


LaTeX Warning: Reference `eq:fwd11' on page 42 undefined on input line 2871.


LaTeX Warning: Reference `eq:fwd22' on page 42 undefined on input line 2871.


LaTeX Warning: Reference `eq:cone' on page 42 undefined on input line 2874.


LaTeX Warning: Reference `sec:obstruction' on page 42 undefined on input line 2876.


LaTeX Warning: Reference `eq:Mijkl' on page 42 undefined on input line 2880.


LaTeX Warning: Reference `eq:twoscalar' on page 42 undefined on input line 2889.


LaTeX Warning: Reference `eq:g1' on page 42 undefined on input line 2894.


LaTeX Warning: Reference `eq:g3' on page 42 undefined on input line 2894.


LaTeX Warning: Reference `eq:pinn-exact' on page 42 undefined on input line 2903.


LaTeX Warning: Reference `eq:azweights' on page 42 undefined on input line 2911.


LaTeX Warning: Reference `eq:pinn-exact' on page 42 undefined on input line 2913.


Package natbib Warning: Citation `Crow1968' on page 42 undefined on input line 2920.


LaTeX Warning: Reference `sec:lrr-reduction' on page 42 undefined on input line 2921.


LaTeX Warning: Reference `eq:Piclosed' on page 42 undefined on input line 2925.


LaTeX Warning: Reference `eq:fwd11' on page 42 undefined on input line 2926.


LaTeX Warning: Reference `eq:fwd22' on page 42 undefined on input line 2926.


LaTeX Warning: Reference `eq:cone' on page 42 undefined on input line 2926.


LaTeX Warning: Reference `eq:fwd11' on page 42 undefined on input line 2940.


LaTeX Warning: Reference `eq:fwd22' on page 42 undefined on input line 2940.


LaTeX Warning: Reference `eq:cone' on page 42 undefined on input line 2940.


LaTeX Warning: Reference `sec:bounds' on page 42 undefined on input line 2945.


LaTeX Warning: Reference `eq:LP' on page 42 undefined on input line 2949.


LaTeX Warning: Reference `sec:bounds' on page 42 undefined on input line 2952.


LaTeX Warning: Reference `eq:LP' on page 42 undefined on input line 2961.


Overfull \hbox (1.61096pt too wide) has occurred while \output is active
[] 
[42]
pdfTeX warning (ext4): destination with the same identifier (name{section.2}) has been already used, duplicate ignored
<to be read again> 
                   \relax 
l.2967 ...ters, initial conditions and statistics}
                                                  
pdfTeX warning (ext4): destination with the same identifier (name{subsection.2.1}) has been already used, duplicate ignored
<to be read again> 
                   \relax 
l.2972 \subsection{ODT configurations}
                                      

Package natbib Warning: Citation `StephensLignell2021' on page 43 undefined on input line 2975.


LaTeX Warning: Reference `sec:level1a' on page 43 undefined on input line 2980.


LaTeX Warning: Reference `sec:level1a' on page 43 undefined on input line 2981.


LaTeX Warning: Reference `sec:box-dns' on page 43 undefined on input line 2987.


LaTeX Warning: Reference `sec:limits' on page 43 undefined on input line 2988.


LaTeX Warning: Reference `sec:spec-bvc' on page 43 undefined on input line 2990.


LaTeX Warning: Reference `sec:spec-op' on page 43 undefined on input line 2992.


pdfTeX warning (ext4): destination with the same identifier (name{subsection.2.2}) has been already used, duplicate ignored
<to be read again> 
                   \relax 
l.2994 ...rained-box DNS and exact-RDT companions}
                                                  

LaTeX Warning: Reference `sec:box-dns' on page 43 undefined on input line 2996.


LaTeX Warning: Reference `sec:bounds' on page 43 undefined on input line 3013.


pdfTeX warning (ext4): destination with the same identifier (name{subsection.2.3}) has been already used, duplicate ignored
<to be read again> 
                   \relax 
l.3019 \subsection{Statistics policy}
                                     

LaTeX Warning: Reference `sec:limits' on page 43 undefined on input line 3027.


LaTeX Warning: Reference `sec:val-spectrum' on page 43 undefined on input line 3031.

(./main_v3.bbl [43{c:/Users/shar_sp/AppData/Roaming/TinyTeX/texmf-dist/fonts/enc/dvips/newtx/ntx-ot1-tlf-pc.enc}]
Underfull \vbox (badness 10000) has occurred while \output is active
Underfull \vbox (badness 10000) has occurred while \output is active
Overfull \hbox (1.61096pt too wide) has occurred while \output is active
[] 
[44])

Package natbib Warning: There were undefined citations.

[45] (manuscript/build/main_v3.aux

Package natbib Warning: Citation(s) may have changed.
(natbib)                Rerun to get citations correct.

)

LaTeX Warning: There were undefined references.


LaTeX Warning: Label(s) may have changed. Rerun to get cross-references right.

 )
(see the transcript file for additional information)<c:/Users/shar_sp/AppData/Roaming/TinyTeX/texmf-dist/fonts/type1/public/newtx/NewTXBMI.pfb><c:/Users/shar_sp/AppData/Roaming/TinyTeX/texmf-dist/fonts/type1/public/newtx/NewTXMI.pfb><c:/Users/shar_sp/AppData/Roaming/TinyTeX/texmf-dist/fonts/type1/public/newtx/NewTXMI7.pfb><c:/Users/shar_sp/AppData/Roaming/TinyTeX/texmf-dist/fonts/type1/public/tex-gyre/qhvr.pfb><c:/Users/shar_sp/AppData/Roaming/TinyTeX/texmf-dist/fonts/type1/public/tex-gyre/qtmr.pfb><c:/Users/shar_sp/AppData/Roaming/TinyTeX/texmf-dist/fonts/type1/public/newtx/txexas.pfb><c:/Users/shar_sp/AppData/Roaming/TinyTeX/texmf-dist/fonts/type1/public/newtx/txexs.pfb><c:/Users/shar_sp/AppData/Roaming/TinyTeX/texmf-dist/fonts/type1/public/newtx/txmiaX.pfb><c:/Users/shar_sp/AppData/Roaming/TinyTeX/texmf-dist/fonts/type1/public/newtx/txsym.pfb><c:/Users/shar_sp/AppData/Roaming/TinyTeX/texmf-dist/fonts/type1/public/newtx/txsys.pfb><c:/Users/shar_sp/AppData/Roaming/TinyTeX/texmf-dist/fonts/type1/public/newtx/ztmb.pfb><c:/Users/shar_sp/AppData/Roaming/TinyTeX/texmf-dist/fonts/type1/public/newtx/ztmr.pfb><c:/Users/shar_sp/AppData/Roaming/TinyTeX/texmf-dist/fonts/type1/public/newtx/ztmri.pfb>
Output written on manuscript/build/main_v3.pdf (45 pages, 848558 bytes).
Transcript written on manuscript/build/main_v3.log.
Latexmk: Getting log file 'manuscript/build/main_v3.log'
Latexmk: Examining 'manuscript/build/main_v3.fls'
Latexmk: Examining 'manuscript/build/main_v3.log'
Latexmk: Found input bbl file 'main_v3.bbl'
Latexmk: References changed.
Latexmk: References changed.
Latexmk: Log file says output to 'manuscript/build/main_v3.pdf'
Latexmk: Using bibtex to make bibliography file(s).
  ===Source file 'manuscript/build/main_v3.bbl' for 'pdflatex'
Create bibtex manuscript/build/main_v3
Latexmk: Found bibliography file(s):
  ./jfm.bib
Latexmk: applying rule 'bibtex manuscript/build/main_v3'...
Rule 'bibtex manuscript/build/main_v3':  Reasons for rerun
Category 'other':
  Rerun of 'bibtex manuscript/build/main_v3' forced or previously required:
    Reason or flag: 'Initial set up of rule'

------------
Run number 1 of rule 'bibtex manuscript/build/main_v3'
------------
====== ENV{BIBINPUTS} changed to 'C:/Users/shar_sp/Documents/GitHub/ODT-RDT/manuscript;manuscript/build;C:\Users\shar_sp\Documents\GitHub\ODT-RDT\manuscript\manuscript\build;'
Latexmk: Change directory to 'manuscript/build/'.
To assist finding of files in document directory, I set
  BIBINPUTS='C:/Users/shar_sp/Documents/GitHub/ODT-RDT/manuscript;manuscript/build;C:\Users\shar_sp\Documents\GitHub\ODT-RDT\manuscript\manuscript\build;'
  BSTINPUTS='C:/Users/shar_sp/Documents/GitHub/ODT-RDT/manuscript;'.
------------
Running 'bibtex  "main_v3.aux"'
------------
This is BibTeX, Version 0.99e (TeX Live 2026)
The top-level auxiliary file: main_v3.aux
The style file: jfm.bst
Database file #1: jfm.bib
Warning--there's a number but no volume in MillsCorrsin1959
(There was 1 warning)
Latexmk: Change directory back to 'C:/Users/shar_sp/Documents/GitHub/ODT-RDT/manuscript'
Latexmk: applying rule 'pdflatex'...
Rule 'pdflatex':  Reasons for rerun
Changed files or newly in use/created:
  manuscript/build/main_v3.aux
  manuscript/build/main_v3.bbl

------------
Run number 2 of rule 'pdflatex'
------------
------------
Running 'pdflatex  -interaction=nonstopmode -recorder -output-directory="manuscript/build"  "main_v3.tex"'
------------
This is pdfTeX, Version 3.141592653-2.6-1.40.29 (TeX Live 2026) (preloaded format=pdflatex)
 restricted \write18 enabled.
entering extended mode
(./main_v3.tex
LaTeX2e <2026-06-01>
L3 programming layer <2026-07-20>
(./JFM-FLM_Au.cls

LaTeX Warning: You have requested document class `JFM-FLM_Au',
               but the document class provides `jfm'.

Document Class: jfm 2006/11/13 v1.27 Journal of Fluid Mechanics document class
(c:/Users/shar_sp/AppData/Roaming/TinyTeX/texmf-dist/tex/latex/graphics/graphicx.sty (c:/Users/shar_sp/AppData/Roaming/TinyTeX/texmf-dist/tex/latex/graphics/keyval.sty) (c:/Users/shar_sp/AppData/Roaming/TinyTeX/texmf-dist/tex/latex/graphics/graphics.sty (c:/Users/shar_sp/AppData/Roaming/TinyTeX/texmf-dist/tex/latex/graphics/trig.sty) (c:/Users/shar_sp/AppData/Roaming/TinyTeX/texmf-dist/tex/latex/graphics-cfg/graphics.cfg) (c:/Users/shar_sp/AppData/Roaming/TinyTeX/texmf-dist/tex/latex/graphics-def/pdftex.def))) (c:/Users/shar_sp/AppData/Roaming/TinyTeX/texmf-dist/tex/latex/hyperref/hyperref.sty (c:/Users/shar_sp/AppData/Roaming/TinyTeX/texmf-dist/tex/generic/iftex/iftex.sty) (c:/Users/shar_sp/AppData/Roaming/TinyTeX/texmf-dist/tex/latex/kvsetkeys/kvsetkeys.sty) (c:/Users/shar_sp/AppData/Roaming/TinyTeX/texmf-dist/tex/generic/kvdefinekeys/kvdefinekeys.sty) (c:/Users/shar_sp/AppData/Roaming/TinyTeX/texmf-dist/tex/generic/pdfescape/pdfescape.sty (c:/Users/shar_sp/AppData/Roaming/TinyTeX/texmf-dist/tex/generic/ltxcmds/ltxcmds.sty) (c:/Users/shar_sp/AppData/Roaming/TinyTeX/texmf-dist/tex/generic/pdftexcmds/pdftexcmds.sty (c:/Users/shar_sp/AppData/Roaming/TinyTeX/texmf-dist/tex/generic/infwarerr/infwarerr.sty))) (c:/Users/shar_sp/AppData/Roaming/TinyTeX/texmf-dist/tex/latex/hycolor/hycolor.sty) (c:/Users/shar_sp/AppData/Roaming/TinyTeX/texmf-dist/tex/latex/hyperref/nameref.sty (c:/Users/shar_sp/AppData/Roaming/TinyTeX/texmf-dist/tex/latex/refcount/refcount.sty) (c:/Users/shar_sp/AppData/Roaming/TinyTeX/texmf-dist/tex/generic/gettitlestring/gettitlestring.sty (c:/Users/shar_sp/AppData/Roaming/TinyTeX/texmf-dist/tex/latex/kvoptions/kvoptions.sty))) (c:/Users/shar_sp/AppData/Roaming/TinyTeX/texmf-dist/tex/latex/etoolbox/etoolbox.sty) (c:/Users/shar_sp/AppData/Roaming/TinyTeX/texmf-dist/tex/generic/stringenc/stringenc.sty) (c:/Users/shar_sp/AppData/Roaming/TinyTeX/texmf-dist/tex/latex/hyperref/pd1enc.def) (c:/Users/shar_sp/AppData/Roaming/TinyTeX/texmf-dist/tex/generic/intcalc/intcalc.sty) (c:/Users/shar_sp/AppData/Roaming/TinyTeX/texmf-dist/tex/latex/hyperref/puenc.def) (c:/Users/shar_sp/AppData/Roaming/TinyTeX/texmf-dist/tex/latex/url/url.sty) (c:/Users/shar_sp/AppData/Roaming/TinyTeX/texmf-dist/tex/generic/bitset/bitset.sty (c:/Users/shar_sp/AppData/Roaming/TinyTeX/texmf-dist/tex/generic/bigintcalc/bigintcalc.sty))

Package hyperref Warning: Option `pdfpagelabels' is turned off
(hyperref)                because \thepage is undefined.

) (c:/Users/shar_sp/AppData/Roaming/TinyTeX/texmf-dist/tex/latex/hyperref/hpdftex.def (c:/Users/shar_sp/AppData/Roaming/TinyTeX/texmf-dist/tex/latex/rerunfilecheck/rerunfilecheck.sty (c:/Users/shar_sp/AppData/Roaming/TinyTeX/texmf-dist/tex/generic/uniquecounter/uniquecounter.sty))) (c:/Users/shar_sp/AppData/Roaming/TinyTeX/texmf-dist/tex/latex/bookmark/bookmark.sty (c:/Users/shar_sp/AppData/Roaming/TinyTeX/texmf-dist/tex/latex/l3backend/l3backend-pdftex.def) (c:/Users/shar_sp/AppData/Roaming/TinyTeX/texmf-dist/tex/latex/bookmark/bkm-pdftex.def)) (c:/Users/shar_sp/AppData/Roaming/TinyTeX/texmf-dist/tex/latex/breakurl/breakurl.sty (c:/Users/shar_sp/AppData/Roaming/TinyTeX/texmf-dist/tex/latex/xkeyval/xkeyval.sty (c:/Users/shar_sp/AppData/Roaming/TinyTeX/texmf-dist/tex/generic/xkeyval/xkeyval.tex (c:/Users/shar_sp/AppData/Roaming/TinyTeX/texmf-dist/tex/generic/xkeyval/xkvutils.tex))) (c:/Users/shar_sp/AppData/Roaming/TinyTeX/texmf-dist/tex/generic/iftex/ifpdf.sty)

Package breakurl Warning: You are using breakurl while processing via pdflatex.
(breakurl)                \burl will be just a synonym of \url.
(breakurl)                 on input line 48.

) (c:/Users/shar_sp/AppData/Roaming/TinyTeX/texmf-dist/tex/latex/booktabs/booktabs.sty) (c:/Users/shar_sp/AppData/Roaming/TinyTeX/texmf-dist/tex/latex/colortbl/colortbl.sty (c:/Users/shar_sp/AppData/Roaming/TinyTeX/texmf-dist/tex/latex/tools/array.sty) (c:/Users/shar_sp/AppData/Roaming/TinyTeX/texmf-dist/tex/latex/graphics/color.sty (c:/Users/shar_sp/AppData/Roaming/TinyTeX/texmf-dist/tex/latex/graphics-cfg/color.cfg) (c:/Users/shar_sp/AppData/Roaming/TinyTeX/texmf-dist/tex/latex/graphics/mathcolor.ltx))
new hooks used!!
) (c:/Users/shar_sp/AppData/Roaming/TinyTeX/texmf-dist/tex/latex/algorithm2e/algorithm2e.sty (c:/Users/shar_sp/AppData/Roaming/TinyTeX/texmf-dist/tex/latex/base/ifthen.sty) (c:/Users/shar_sp/AppData/Roaming/TinyTeX/texmf-dist/tex/latex/ifoddpage/ifoddpage.sty) (c:/Users/shar_sp/AppData/Roaming/TinyTeX/texmf-dist/tex/latex/tools/xspace.sty) (c:/Users/shar_sp/AppData/Roaming/TinyTeX/texmf-dist/tex/latex/relsize/relsize.sty

Package relsize Warning: Failed to get list of defined font sizes.
(relsize)                Size scaling will attempt arbitrary sizes..

)) (c:/Users/shar_sp/AppData/Roaming/TinyTeX/texmf-dist/tex/latex/tools/calc.sty) (c:/Users/shar_sp/AppData/Roaming/TinyTeX/texmf-dist/tex/generic/soul/soul.sty (c:/Users/shar_sp/AppData/Roaming/TinyTeX/texmf-dist/tex/generic/soul/soul-ori.sty) (c:/Users/shar_sp/AppData/Roaming/TinyTeX/texmf-dist/tex/generic/etexcmds/etexcmds.sty)) (c:/Users/shar_sp/AppData/Roaming/TinyTeX/texmf-dist/tex/latex/epstopdf-pkg/epstopdf.sty (c:/Users/shar_sp/AppData/Roaming/TinyTeX/texmf-dist/tex/latex/grfext/grfext.sty) (c:/Users/shar_sp/AppData/Roaming/TinyTeX/texmf-dist/tex/latex/epstopdf-pkg/epstopdf-base.sty (c:/Users/shar_sp/AppData/Roaming/TinyTeX/texmf-dist/tex/latex/latexconfig/epstopdf-sys.cfg)))

LaTeX Warning: Command `\theenumv' already defined -- not changed on input line 985.


LaTeX Warning: Command `\theenumvi' already defined -- not changed on input line 986.


LaTeX Warning: Command `\theenumvii' already defined -- not changed on input line 987.


LaTeX Warning: Command `\theenumviii' already defined -- not changed on input line 988.


LaTeX Warning: Command `\theenumix' already defined -- not changed on input line 989.


LaTeX Warning: Command `\theenumx' already defined -- not changed on input line 990.

(c:/Users/shar_sp/AppData/Roaming/TinyTeX/texmf-dist/tex/latex/caption/caption.sty (c:/Users/shar_sp/AppData/Roaming/TinyTeX/texmf-dist/tex/latex/caption/caption3.sty)

Package caption Warning: Unknown document class (or package),
(caption)                standard defaults will be used.
See the caption package documentation for explanation.

)

Found the 'amsbsy' package on the system, using it.

(c:/Users/shar_sp/AppData/Roaming/TinyTeX/texmf-dist/tex/latex/amsmath/amsbsy.sty (c:/Users/shar_sp/AppData/Roaming/TinyTeX/texmf-dist/tex/latex/amsmath/amsgen.sty))

Found AMS Euler Roman fonts on the system, but you dont seem to have the
'upmath' package installed. JFM.cls can take advantage of these fonts,
if you use 'upmath' package.



Found AMS Symbol fonts on the system, using the 'amssymb' package.

(c:/Users/shar_sp/AppData/Roaming/TinyTeX/texmf-dist/tex/latex/amsfonts/amssymb.sty (c:/Users/shar_sp/AppData/Roaming/TinyTeX/texmf-dist/tex/latex/amsfonts/amsfonts.sty)) (c:/Users/shar_sp/AppData/Roaming/TinyTeX/texmf-dist/tex/latex/newtx/newtxtext.sty `newtxtext' v1.744, 2024/04/01 Text macros taking advantage of TeXGyre Termes and its extensions (msharpe) (c:/Users/shar_sp/AppData/Roaming/TinyTeX/texmf-dist/tex/latex/xpatch/xpatch.sty (c:/Users/shar_sp/AppData/Roaming/TinyTeX/texmf-dist/tex/latex/l3kernel/expl3.sty) (c:/Users/shar_sp/AppData/Roaming/TinyTeX/texmf-dist/tex/latex/l3packages/xparse/xparse.sty)) (c:/Users/shar_sp/AppData/Roaming/TinyTeX/texmf-dist/tex/latex/xcolor/xcolor.sty (c:/Users/shar_sp/AppData/Roaming/TinyTeX/texmf-dist/tex/latex/graphics-cfg/color.cfg) (c:/Users/shar_sp/AppData/Roaming/TinyTeX/texmf-dist/tex/latex/graphics/mathcolor.ltx)) (c:/Users/shar_sp/AppData/Roaming/TinyTeX/texmf-dist/tex/latex/base/textcomp.sty) (c:/Users/shar_sp/AppData/Roaming/TinyTeX/texmf-dist/tex/generic/xstring/xstring.sty (c:/Users/shar_sp/AppData/Roaming/TinyTeX/texmf-dist/tex/generic/xstring/xstring.tex)) (c:/Users/shar_sp/AppData/Roaming/TinyTeX/texmf-dist/tex/latex/carlisle/scalefnt.sty) (c:/Users/shar_sp/AppData/Roaming/TinyTeX/texmf-dist/tex/generic/kastrup/binhex.tex) (c:/Users/shar_sp/AppData/Roaming/TinyTeX/texmf-dist/tex/latex/fontaxes/fontaxes.sty (c:/Users/shar_sp/AppData/Roaming/TinyTeX/texmf-dist/tex/latex/figureversions/figureversions.sty))) (c:/Users/shar_sp/AppData/Roaming/TinyTeX/texmf-dist/tex/latex/newtx/newtxmath.sty `newtxmath' v1.754, 2024/09/22 Math macros based originally on txfonts (msharpe) (c:/Users/shar_sp/AppData/Roaming/TinyTeX/texmf-dist/tex/latex/amsmath/amsmath.sty
For additional information on amsmath, use the `?' option.
(c:/Users/shar_sp/AppData/Roaming/TinyTeX/texmf-dist/tex/latex/amsmath/amstext.sty) (c:/Users/shar_sp/AppData/Roaming/TinyTeX/texmf-dist/tex/latex/amsmath/amsopn.sty)) (c:/Users/shar_sp/AppData/Roaming/TinyTeX/texmf-dist/tex/latex/oberdiek/centernot.sty) (c:/Users/shar_sp/AppData/Roaming/TinyTeX/texmf-dist/tex/generic/kastrup/binhex.tex)
amsthm NOT loaded
) (c:/Users/shar_sp/AppData/Roaming/TinyTeX/texmf-dist/tex/latex/natbib/natbib.sty)) (c:/Users/shar_sp/AppData/Roaming/TinyTeX/texmf-dist/tex/latex/pgf/frontendlayer/tikz.sty (c:/Users/shar_sp/AppData/Roaming/TinyTeX/texmf-dist/tex/latex/pgf/basiclayer/pgf.sty (c:/Users/shar_sp/AppData/Roaming/TinyTeX/texmf-dist/tex/latex/pgf/utilities/pgfrcs.sty (c:/Users/shar_sp/AppData/Roaming/TinyTeX/texmf-dist/tex/generic/pgf/utilities/pgfutil-common.tex) (c:/Users/shar_sp/AppData/Roaming/TinyTeX/texmf-dist/tex/generic/pgf/utilities/pgfutil-latex.def) (c:/Users/shar_sp/AppData/Roaming/TinyTeX/texmf-dist/tex/generic/pgf/utilities/pgfrcs.code.tex (c:/Users/shar_sp/AppData/Roaming/TinyTeX/texmf-dist/tex/generic/pgf/pgf.revision.tex))) (c:/Users/shar_sp/AppData/Roaming/TinyTeX/texmf-dist/tex/latex/pgf/basiclayer/pgfcore.sty (c:/Users/shar_sp/AppData/Roaming/TinyTeX/texmf-dist/tex/latex/pgf/systemlayer/pgfsys.sty (c:/Users/shar_sp/AppData/Roaming/TinyTeX/texmf-dist/tex/generic/pgf/systemlayer/pgfsys.code.tex (c:/Users/shar_sp/AppData/Roaming/TinyTeX/texmf-dist/tex/generic/pgf/utilities/pgfkeys.code.tex (c:/Users/shar_sp/AppData/Roaming/TinyTeX/texmf-dist/tex/generic/pgf/utilities/pgfkeyslibraryfiltered.code.tex)) (c:/Users/shar_sp/AppData/Roaming/TinyTeX/texmf-dist/tex/generic/pgf/systemlayer/pgf.cfg) (c:/Users/shar_sp/AppData/Roaming/TinyTeX/texmf-dist/tex/generic/pgf/systemlayer/pgfsys-pdftex.def (c:/Users/shar_sp/AppData/Roaming/TinyTeX/texmf-dist/tex/generic/pgf/systemlayer/pgfsys-common-pdf.def))) (c:/Users/shar_sp/AppData/Roaming/TinyTeX/texmf-dist/tex/generic/pgf/systemlayer/pgfsyssoftpath.code.tex) (c:/Users/shar_sp/AppData/Roaming/TinyTeX/texmf-dist/tex/generic/pgf/systemlayer/pgfsysprotocol.code.tex)) (c:/Users/shar_sp/AppData/Roaming/TinyTeX/texmf-dist/tex/generic/pgf/basiclayer/pgfcore.code.tex (c:/Users/shar_sp/AppData/Roaming/TinyTeX/texmf-dist/tex/generic/pgf/math/pgfmath.code.tex (c:/Users/shar_sp/AppData/Roaming/TinyTeX/texmf-dist/tex/generic/pgf/math/pgfmathutil.code.tex) (c:/Users/shar_sp/AppData/Roaming/TinyTeX/texmf-dist/tex/generic/pgf/math/pgfmathparser.code.tex) (c:/Users/shar_sp/AppData/Roaming/TinyTeX/texmf-dist/tex/generic/pgf/math/pgfmathfunctions.code.tex) (c:/Users/shar_sp/AppData/Roaming/TinyTeX/texmf-dist/tex/generic/pgf/math/pgfmathfunctions.basic.code.tex) (c:/Users/shar_sp/AppData/Roaming/TinyTeX/texmf-dist/tex/generic/pgf/math/pgfmathfunctions.trigonometric.code.tex) (c:/Users/shar_sp/AppData/Roaming/TinyTeX/texmf-dist/tex/generic/pgf/math/pgfmathfunctions.random.code.tex) (c:/Users/shar_sp/AppData/Roaming/TinyTeX/texmf-dist/tex/generic/pgf/math/pgfmathfunctions.comparison.code.tex) (c:/Users/shar_sp/AppData/Roaming/TinyTeX/texmf-dist/tex/generic/pgf/math/pgfmathfunctions.base.code.tex) (c:/Users/shar_sp/AppData/Roaming/TinyTeX/texmf-dist/tex/generic/pgf/math/pgfmathfunctions.round.code.tex) (c:/Users/shar_sp/AppData/Roaming/TinyTeX/texmf-dist/tex/generic/pgf/math/pgfmathfunctions.misc.code.tex) (c:/Users/shar_sp/AppData/Roaming/TinyTeX/texmf-dist/tex/generic/pgf/math/pgfmathfunctions.integerarithmetics.code.tex) (c:/Users/shar_sp/AppData/Roaming/TinyTeX/texmf-dist/tex/generic/pgf/math/pgfmathcalc.code.tex) (c:/Users/shar_sp/AppData/Roaming/TinyTeX/texmf-dist/tex/generic/pgf/math/pgfmathfloat.code.tex)) (c:/Users/shar_sp/AppData/Roaming/TinyTeX/texmf-dist/tex/generic/pgf/math/pgfint.code.tex) (c:/Users/shar_sp/AppData/Roaming/TinyTeX/texmf-dist/tex/generic/pgf/basiclayer/pgfcorepoints.code.tex) (c:/Users/shar_sp/AppData/Roaming/TinyTeX/texmf-dist/tex/generic/pgf/basiclayer/pgfcorepathconstruct.code.tex) (c:/Users/shar_sp/AppData/Roaming/TinyTeX/texmf-dist/tex/generic/pgf/basiclayer/pgfcorepathusage.code.tex) (c:/Users/shar_sp/AppData/Roaming/TinyTeX/texmf-dist/tex/generic/pgf/basiclayer/pgfcorescopes.code.tex) (c:/Users/shar_sp/AppData/Roaming/TinyTeX/texmf-dist/tex/generic/pgf/basiclayer/pgfcoregraphicstate.code.tex) (c:/Users/shar_sp/AppData/Roaming/TinyTeX/texmf-dist/tex/generic/pgf/basiclayer/pgfcoretransformations.code.tex) (c:/Users/shar_sp/AppData/Roaming/TinyTeX/texmf-dist/tex/generic/pgf/basiclayer/pgfcorequick.code.tex) (c:/Users/shar_sp/AppData/Roaming/TinyTeX/texmf-dist/tex/generic/pgf/basiclayer/pgfcoreobjects.code.tex) (c:/Users/shar_sp/AppData/Roaming/TinyTeX/texmf-dist/tex/generic/pgf/basiclayer/pgfcorepathprocessing.code.tex) (c:/Users/shar_sp/AppData/Roaming/TinyTeX/texmf-dist/tex/generic/pgf/basiclayer/pgfcorearrows.code.tex) (c:/Users/shar_sp/AppData/Roaming/TinyTeX/texmf-dist/tex/generic/pgf/basiclayer/pgfcoreshade.code.tex) (c:/Users/shar_sp/AppData/Roaming/TinyTeX/texmf-dist/tex/generic/pgf/basiclayer/pgfcoreimage.code.tex) (c:/Users/shar_sp/AppData/Roaming/TinyTeX/texmf-dist/tex/generic/pgf/basiclayer/pgfcoreexternal.code.tex) (c:/Users/shar_sp/AppData/Roaming/TinyTeX/texmf-dist/tex/generic/pgf/basiclayer/pgfcorelayers.code.tex) (c:/Users/shar_sp/AppData/Roaming/TinyTeX/texmf-dist/tex/generic/pgf/basiclayer/pgfcoretransparency.code.tex) (c:/Users/shar_sp/AppData/Roaming/TinyTeX/texmf-dist/tex/generic/pgf/basiclayer/pgfcorepatterns.code.tex) (c:/Users/shar_sp/AppData/Roaming/TinyTeX/texmf-dist/tex/generic/pgf/basiclayer/pgfcorerdf.code.tex))) (c:/Users/shar_sp/AppData/Roaming/TinyTeX/texmf-dist/tex/generic/pgf/modules/pgfmoduleshapes.code.tex) (c:/Users/shar_sp/AppData/Roaming/TinyTeX/texmf-dist/tex/generic/pgf/modules/pgfmoduleplot.code.tex) (c:/Users/shar_sp/AppData/Roaming/TinyTeX/texmf-dist/tex/latex/pgf/compatibility/pgfcomp-version-0-65.sty) (c:/Users/shar_sp/AppData/Roaming/TinyTeX/texmf-dist/tex/latex/pgf/compatibility/pgfcomp-version-1-18.sty)) (c:/Users/shar_sp/AppData/Roaming/TinyTeX/texmf-dist/tex/latex/pgf/utilities/pgffor.sty (c:/Users/shar_sp/AppData/Roaming/TinyTeX/texmf-dist/tex/latex/pgf/utilities/pgfkeys.sty (c:/Users/shar_sp/AppData/Roaming/TinyTeX/texmf-dist/tex/generic/pgf/utilities/pgfkeys.code.tex)) (c:/Users/shar_sp/AppData/Roaming/TinyTeX/texmf-dist/tex/latex/pgf/math/pgfmath.sty (c:/Users/shar_sp/AppData/Roaming/TinyTeX/texmf-dist/tex/generic/pgf/math/pgfmath.code.tex)) (c:/Users/shar_sp/AppData/Roaming/TinyTeX/texmf-dist/tex/generic/pgf/utilities/pgffor.code.tex)) (c:/Users/shar_sp/AppData/Roaming/TinyTeX/texmf-dist/tex/generic/pgf/frontendlayer/tikz/tikz.code.tex (c:/Users/shar_sp/AppData/Roaming/TinyTeX/texmf-dist/tex/generic/pgf/libraries/pgflibraryplothandlers.code.tex) (c:/Users/shar_sp/AppData/Roaming/TinyTeX/texmf-dist/tex/generic/pgf/modules/pgfmodulematrix.code.tex) (c:/Users/shar_sp/AppData/Roaming/TinyTeX/texmf-dist/tex/generic/pgf/frontendlayer/tikz/libraries/tikzlibrarytopaths.code.tex))) (c:/Users/shar_sp/AppData/Roaming/TinyTeX/texmf-dist/tex/generic/pgf/frontendlayer/tikz/libraries/tikzlibrarycalc.code.tex) (c:/Users/shar_sp/AppData/Roaming/TinyTeX/texmf-dist/tex/generic/pgf/libraries/pgflibraryarrows.meta.code.tex) (c:/Users/shar_sp/AppData/Roaming/TinyTeX/texmf-dist/tex/latex/caption/subcaption.sty) (c:/Users/shar_sp/AppData/Roaming/TinyTeX/texmf-dist/tex/latex/newtx/ot1ntxtlf.fd) (manuscript/build/main_v3.aux) (c:/Users/shar_sp/AppData/Roaming/TinyTeX/texmf-dist/tex/latex/newtx/omlntxmi.fd) (c:/Users/shar_sp/AppData/Roaming/TinyTeX/texmf-dist/tex/latex/newtx/untxexa.fd) (c:/Users/shar_sp/AppData/Roaming/TinyTeX/texmf-dist/tex/latex/newtx/lmsntxsy.fd) (c:/Users/shar_sp/AppData/Roaming/TinyTeX/texmf-dist/tex/latex/newtx/lmxntxexx.fd) (c:/Users/shar_sp/AppData/Roaming/TinyTeX/texmf-dist/tex/context/base/mkii/supp-pdf.mkii
[Loading MPS to PDF converter (version 2006.09.02).]
)

Package hyperref Warning: Height of page (\paperheight) is invalid (0.0pt),
(hyperref)                using 11in.

(./lineno-FLM.sty (c:/Users/shar_sp/AppData/Roaming/TinyTeX/texmf-dist/tex/latex/lineno/lineno.sty)) (c:/Users/shar_sp/AppData/Roaming/TinyTeX/texmf-dist/tex/latex/newtx/ot1minntx.fd) (c:/Users/shar_sp/AppData/Roaming/TinyTeX/texmf-dist/tex/latex/amsfonts/umsa.fd) (c:/Users/shar_sp/AppData/Roaming/TinyTeX/texmf-dist/tex/latex/amsfonts/umsb.fd) (c:/Users/shar_sp/AppData/Roaming/TinyTeX/texmf-dist/tex/latex/newtx/untxmia.fd) (c:/Users/shar_sp/AppData/Roaming/TinyTeX/texmf-dist/tex/latex/newtx/untxsym.fd) (c:/Users/shar_sp/AppData/Roaming/TinyTeX/texmf-dist/tex/latex/newtx/untxsyc.fd)
Underfull \vbox (badness 10000) has occurred while \output is active
Underfull \vbox (badness 10000) has occurred while \output is active
Underfull \hbox (badness 10000) has occurred while \output is active


Overfull \hbox (1.0pt too wide) has occurred while \output is active
[]

Overfull \vbox (34.02812pt too high) has occurred while \output is active

Package xcolor Warning: Incompatible color definition on input line 114.

[1{c:/Users/shar_sp/AppData/Roaming/TinyTeX/texmf-var/fonts/map/pdftex/updmap/pdftex.map}{c:/Users/shar_sp/AppData/Roaming/TinyTeX/texmf-dist/fonts/enc/dvips/newtx/ntx-ot1-tlf.enc}
Non-PDF special ignored!
<special> papersize=174mm,247mm
]
Overfull \hbox (1.61096pt too wide) has occurred while \output is active
[] 
[2] (c:/Users/shar_sp/AppData/Roaming/TinyTeX/texmf-dist/tex/latex/newtx/ts1ntxtlf.fd) [3{c:/Users/shar_sp/AppData/Roaming/TinyTeX/texmf-dist/fonts/enc/dvips/tex-gyre/q-ts1.enc}]

Package xcolor Warning: Incompatible color definition on input line 339.

[4] (c:/Users/shar_sp/AppData/Roaming/TinyTeX/texmf-dist/tex/latex/tex-gyre/ot1qhv.fd) [5{c:/Users/shar_sp/AppData/Roaming/TinyTeX/texmf-dist/fonts/enc/dvips/tex-gyre/q-rm.enc}]
Overfull \hbox (1.61096pt too wide) has occurred while \output is active
[] 
[6] [7]
Overfull \hbox (1.61096pt too wide) has occurred while \output is active
[] 
[8]
Underfull \vbox (badness 3058) has occurred while \output is active
Underfull \vbox (badness 3058) has occurred while \output is active [9]

Package xcolor Warning: Incompatible color definition on input line 838.

[10] [11]
Overfull \hbox (1.61096pt too wide) has occurred while \output is active
[] 
[12 <./Figures/fig_rdt_components.pdf>]

Package natbib Warning: Citation `ReynoldsKassinos1995' on page 13 undefined on input line 1039.


Package natbib Warning: Citation `KassinosReynoldsRogers2001' on page 13 undefined on input line 1040.


Package natbib Warning: Citation `KassinosReynolds1998' on page 13 undefined on input line 1041.


Package natbib Warning: Citation `ZusiPerot2013' on page 13 undefined on input line 1044.


Package natbib Warning: Citation `ZusiPerot2014' on page 13 undefined on input line 1045.


Package natbib Warning: Citation `GualtieriMeneveau2010' on page 13 undefined on input line 1050.

[13 <./Figures/fig_upwash_amplification.pdf>]

Package natbib Warning: Citation `ZusiPerot2014' on page 14 undefined on input line 1088.


Overfull \hbox (1.61096pt too wide) has occurred while \output is active
[] 
[14 <./Figures/fig_level1a.pdf>]

Package natbib Warning: Citation `ZusiPerot2013' on page 15 undefined on input line 1107.


Package natbib Warning: Citation `ZusiPerot2013' on page 15 undefined on input line 1107.


Package natbib Warning: Citation `ZusiPerot2014' on page 15 undefined on input line 1124.


Package natbib Warning: Citation `ZusiPerot2014' on page 15 undefined on input line 1124.


Underfull \vbox (badness 2213) has occurred while \output is active
Underfull \vbox (badness 2213) has occurred while \output is active [15 <./Figures/fig_LR_plane.pdf>]
Overfull \hbox (1.61096pt too wide) has occurred while \output is active
[] 
[16 <./Figures/fig_LR_axisym.pdf> <./Figures/fig_LR_b11_closure.pdf>] [17]
Overfull \hbox (1.61096pt too wide) has occurred while \output is active
[] 
[18 <./Figures/fig_rdt_projection.pdf>] [19 <./Figures/fig_spec_kinematic.pdf>]
Underfull \vbox (badness 10000) has occurred while \output is active
Underfull \vbox (badness 10000) has occurred while \output is active
Overfull \hbox (1.61096pt too wide) has occurred while \output is active
[] 
[20 <./Figures/fig_spec_bvc.pdf>] [21 <./Figures/fig_spec_op.pdf>]

Package natbib Warning: Citation `ClayYeung2016' on page 22 undefined on input line 1554.


Overfull \hbox (1.61096pt too wide) has occurred while \output is active
[] 
[22] [23 <./Figures/fig_threeway.pdf>]

Package natbib Warning: Citation `ClayYeung2016' on page 24 undefined on input line 1649.


Overfull \hbox (1.61096pt too wide) has occurred while \output is active
[] 
[24 <./Figures/fig_rdt_distance.pdf>]
Overfull \hbox (0.50798pt too wide) in paragraph at lines 1738--1750
\OT1/minntx/m/n/10.74011 the one-dimensional spec-tra ob-tained by in-te-grat-ing $\OML/ntxmi/m/it/10.74011 ^^H[]$ \OT1/minntx/m/n/10.74011 over the two un-re-solved wavenum-

Underfull \vbox (badness 10000) has occurred while \output is active
Underfull \vbox (badness 10000) has occurred while \output is active [25]
Overfull \hbox (14.10033pt too wide) in paragraph at lines 1784--1788
[]\OT1/minntx/m/n/10.74011 Under A1 the an-gu-lar in-te-gral in [] can be car-ried out. Writ-ing $[] \U/ntxmia/m/it/10.74011 = \LMS/ntxsy/m/n/10.74011 ¹\OML/ntxmi/m/it/10.74011 ^^T[] [] ^^R;  ^^T[];  ^^T[] [] ^^R\LMS/ntxsy/m/n/10.74011 º$

Overfull \hbox (1.61096pt too wide) has occurred while \output is active
[] 
[26] [27]
Underfull \vbox (badness 1264) has occurred while \output is active
Underfull \vbox (badness 1264) has occurred while \output is active
Overfull \hbox (1.61096pt too wide) has occurred while \output is active
[] 
[28] [29 <./Figures/fig_a1_control.pdf>]
Overfull \hbox (1.61096pt too wide) has occurred while \output is active
[] 
[30 <./Figures/fig_pi_kernels.pdf>] [31]
Overfull \hbox (1.61096pt too wide) has occurred while \output is active
[] 
[32] [33]
Overfull \hbox (20.32889pt too wide) in paragraph at lines 2357--2382
\OT1/minntx/m/n/10.74011 anisotropy per wavenum-ber band---the ob-serv-able on which \TS1/ntxtlf/m/n/10.74011 §[][]\OT1/minntx/m/n/10.74011 4.6.1[][] es-tab-lished the benchmark---

Overfull \hbox (1.61096pt too wide) has occurred while \output is active
[] 
[34 <./Figures/fig_clock.pdf>] [35 <./Figures/fig_fourway5.pdf>]
Overfull \hbox (1.61096pt too wide) has occurred while \output is active
[] 
[36 <./Figures/fig_lenoise.pdf>] [37 <./Figures/fig_amiet_abs.pdf>]
Overfull \hbox (1.61096pt too wide) has occurred while \output is active
[] 
[38 <./Figures/fig_expval_paper.pdf>] [39 <./Figures/fig_amiet_rapid.pdf>]
Underfull \vbox (badness 1014) has occurred while \output is active
Underfull \vbox (badness 1014) has occurred while \output is active
Overfull \hbox (1.61096pt too wide) has occurred while \output is active
[] 
[40]
pdfTeX warning (ext4): destination with the same identifier (name{section.1}) has been already used, duplicate ignored
<to be read again> 
                   \relax 
l.2760 ...n{The forward map and the bound kernels}
                                                  \label{app:forward} [41]
Overfull \hbox (1.61096pt too wide) has occurred while \output is active
[] 
[42]
pdfTeX warning (ext4): destination with the same identifier (name{section.2}) has been already used, duplicate ignored
<to be read again> 
                   \relax 
l.2967 ...ters, initial conditions and statistics}
                                                  
pdfTeX warning (ext4): destination with the same identifier (name{subsection.2.1}) has been already used, duplicate ignored
<to be read again> 
                   \relax 
l.2972 \subsection{ODT configurations}
                                      
pdfTeX warning (ext4): destination with the same identifier (name{subsection.2.2}) has been already used, duplicate ignored
<to be read again> 
                   \relax 
l.2994 ...rained-box DNS and exact-RDT companions}
                                                  
pdfTeX warning (ext4): destination with the same identifier (name{subsection.2.3}) has been already used, duplicate ignored
<to be read again> 
                   \relax 
l.3019 \subsection{Statistics policy}
                                      [43] (manuscript/build/main_v3.bbl
Overfull \hbox (1.61096pt too wide) has occurred while \output is active
[] 
[44{c:/Users/shar_sp/AppData/Roaming/TinyTeX/texmf-dist/fonts/enc/dvips/newtx/ntx-ot1-tlf-pc.enc}])

Package natbib Warning: There were undefined citations.

[45] (manuscript/build/main_v3.aux

Package natbib Warning: Citation(s) may have changed.
(natbib)                Rerun to get citations correct.

)

LaTeX Warning: Label(s) may have changed. Rerun to get cross-references right.

 )
(see the transcript file for additional information)<c:/Users/shar_sp/AppData/Roaming/TinyTeX/texmf-dist/fonts/type1/public/newtx/NewTXBMI.pfb><c:/Users/shar_sp/AppData/Roaming/TinyTeX/texmf-dist/fonts/type1/public/newtx/NewTXMI.pfb><c:/Users/shar_sp/AppData/Roaming/TinyTeX/texmf-dist/fonts/type1/public/newtx/NewTXMI7.pfb><c:/Users/shar_sp/AppData/Roaming/TinyTeX/texmf-dist/fonts/type1/public/tex-gyre/qhvr.pfb><c:/Users/shar_sp/AppData/Roaming/TinyTeX/texmf-dist/fonts/type1/public/tex-gyre/qtmr.pfb><c:/Users/shar_sp/AppData/Roaming/TinyTeX/texmf-dist/fonts/type1/public/newtx/txexas.pfb><c:/Users/shar_sp/AppData/Roaming/TinyTeX/texmf-dist/fonts/type1/public/newtx/txexs.pfb><c:/Users/shar_sp/AppData/Roaming/TinyTeX/texmf-dist/fonts/type1/public/newtx/txmiaX.pfb><c:/Users/shar_sp/AppData/Roaming/TinyTeX/texmf-dist/fonts/type1/public/newtx/txsym.pfb><c:/Users/shar_sp/AppData/Roaming/TinyTeX/texmf-dist/fonts/type1/public/newtx/txsys.pfb><c:/Users/shar_sp/AppData/Roaming/TinyTeX/texmf-dist/fonts/type1/public/newtx/ztmb.pfb><c:/Users/shar_sp/AppData/Roaming/TinyTeX/texmf-dist/fonts/type1/public/newtx/ztmr.pfb><c:/Users/shar_sp/AppData/Roaming/TinyTeX/texmf-dist/fonts/type1/public/newtx/ztmri.pfb>
Output written on manuscript/build/main_v3.pdf (45 pages, 875488 bytes).
Transcript written on manuscript/build/main_v3.log.
Latexmk: Getting log file 'manuscript/build/main_v3.log'
Latexmk: Examining 'manuscript/build/main_v3.fls'
Latexmk: Examining 'manuscript/build/main_v3.log'
Latexmk: Found input bbl file 'manuscript/build/main_v3.bbl'
Latexmk: References changed.
Latexmk: References changed.
Latexmk: Log file says output to 'manuscript/build/main_v3.pdf'
Latexmk: Using bibtex to make bibliography file(s).
  ===Source file 'manuscript/build/main_v3.bbl' for 'pdflatex'
Latexmk: Found bibliography file(s):
  ./jfm.bib
Latexmk: applying rule 'bibtex manuscript/build/main_v3'...
Rule 'bibtex manuscript/build/main_v3':  Reasons for rerun
Changed files or newly in use/created:
  manuscript/build/main_v3.aux

------------
Run number 2 of rule 'bibtex manuscript/build/main_v3'
------------
====== ENV{BIBINPUTS} changed to 'C:/Users/shar_sp/Documents/GitHub/ODT-RDT/manuscript;manuscript/build;C:\Users\shar_sp\Documents\GitHub\ODT-RDT\manuscript\manuscript\build;'
Latexmk: Change directory to 'manuscript/build/'.
To assist finding of files in document directory, I set
  BIBINPUTS='C:/Users/shar_sp/Documents/GitHub/ODT-RDT/manuscript;manuscript/build;C:\Users\shar_sp\Documents\GitHub\ODT-RDT\manuscript\manuscript\build;'
  BSTINPUTS='C:/Users/shar_sp/Documents/GitHub/ODT-RDT/manuscript;'.
------------
Running 'bibtex  "main_v3.aux"'
------------
This is BibTeX, Version 0.99e (TeX Live 2026)
The top-level auxiliary file: main_v3.aux
The style file: jfm.bst
Database file #1: jfm.bib
Warning--there's a number but no volume in MillsCorrsin1959
(There was 1 warning)
Latexmk: Change directory back to 'C:/Users/shar_sp/Documents/GitHub/ODT-RDT/manuscript'
Latexmk: applying rule 'pdflatex'...
Rule 'pdflatex':  Reasons for rerun
Changed files or newly in use/created:
  manuscript/build/main_v3.aux

------------
Run number 3 of rule 'pdflatex'
------------
------------
Running 'pdflatex  -interaction=nonstopmode -recorder -output-directory="manuscript/build"  "main_v3.tex"'
------------
This is pdfTeX, Version 3.141592653-2.6-1.40.29 (TeX Live 2026) (preloaded format=pdflatex)
 restricted \write18 enabled.
entering extended mode
(./main_v3.tex
LaTeX2e <2026-06-01>
L3 programming layer <2026-07-20>
(./JFM-FLM_Au.cls

LaTeX Warning: You have requested document class `JFM-FLM_Au',
               but the document class provides `jfm'.

Document Class: jfm 2006/11/13 v1.27 Journal of Fluid Mechanics document class
(c:/Users/shar_sp/AppData/Roaming/TinyTeX/texmf-dist/tex/latex/graphics/graphicx.sty (c:/Users/shar_sp/AppData/Roaming/TinyTeX/texmf-dist/tex/latex/graphics/keyval.sty) (c:/Users/shar_sp/AppData/Roaming/TinyTeX/texmf-dist/tex/latex/graphics/graphics.sty (c:/Users/shar_sp/AppData/Roaming/TinyTeX/texmf-dist/tex/latex/graphics/trig.sty) (c:/Users/shar_sp/AppData/Roaming/TinyTeX/texmf-dist/tex/latex/graphics-cfg/graphics.cfg) (c:/Users/shar_sp/AppData/Roaming/TinyTeX/texmf-dist/tex/latex/graphics-def/pdftex.def))) (c:/Users/shar_sp/AppData/Roaming/TinyTeX/texmf-dist/tex/latex/hyperref/hyperref.sty (c:/Users/shar_sp/AppData/Roaming/TinyTeX/texmf-dist/tex/generic/iftex/iftex.sty) (c:/Users/shar_sp/AppData/Roaming/TinyTeX/texmf-dist/tex/latex/kvsetkeys/kvsetkeys.sty) (c:/Users/shar_sp/AppData/Roaming/TinyTeX/texmf-dist/tex/generic/kvdefinekeys/kvdefinekeys.sty) (c:/Users/shar_sp/AppData/Roaming/TinyTeX/texmf-dist/tex/generic/pdfescape/pdfescape.sty (c:/Users/shar_sp/AppData/Roaming/TinyTeX/texmf-dist/tex/generic/ltxcmds/ltxcmds.sty) (c:/Users/shar_sp/AppData/Roaming/TinyTeX/texmf-dist/tex/generic/pdftexcmds/pdftexcmds.sty (c:/Users/shar_sp/AppData/Roaming/TinyTeX/texmf-dist/tex/generic/infwarerr/infwarerr.sty))) (c:/Users/shar_sp/AppData/Roaming/TinyTeX/texmf-dist/tex/latex/hycolor/hycolor.sty) (c:/Users/shar_sp/AppData/Roaming/TinyTeX/texmf-dist/tex/latex/hyperref/nameref.sty (c:/Users/shar_sp/AppData/Roaming/TinyTeX/texmf-dist/tex/latex/refcount/refcount.sty) (c:/Users/shar_sp/AppData/Roaming/TinyTeX/texmf-dist/tex/generic/gettitlestring/gettitlestring.sty (c:/Users/shar_sp/AppData/Roaming/TinyTeX/texmf-dist/tex/latex/kvoptions/kvoptions.sty))) (c:/Users/shar_sp/AppData/Roaming/TinyTeX/texmf-dist/tex/latex/etoolbox/etoolbox.sty) (c:/Users/shar_sp/AppData/Roaming/TinyTeX/texmf-dist/tex/generic/stringenc/stringenc.sty) (c:/Users/shar_sp/AppData/Roaming/TinyTeX/texmf-dist/tex/latex/hyperref/pd1enc.def) (c:/Users/shar_sp/AppData/Roaming/TinyTeX/texmf-dist/tex/generic/intcalc/intcalc.sty) (c:/Users/shar_sp/AppData/Roaming/TinyTeX/texmf-dist/tex/latex/hyperref/puenc.def) (c:/Users/shar_sp/AppData/Roaming/TinyTeX/texmf-dist/tex/latex/url/url.sty) (c:/Users/shar_sp/AppData/Roaming/TinyTeX/texmf-dist/tex/generic/bitset/bitset.sty (c:/Users/shar_sp/AppData/Roaming/TinyTeX/texmf-dist/tex/generic/bigintcalc/bigintcalc.sty))

Package hyperref Warning: Option `pdfpagelabels' is turned off
(hyperref)                because \thepage is undefined.

) (c:/Users/shar_sp/AppData/Roaming/TinyTeX/texmf-dist/tex/latex/hyperref/hpdftex.def (c:/Users/shar_sp/AppData/Roaming/TinyTeX/texmf-dist/tex/latex/rerunfilecheck/rerunfilecheck.sty (c:/Users/shar_sp/AppData/Roaming/TinyTeX/texmf-dist/tex/generic/uniquecounter/uniquecounter.sty))) (c:/Users/shar_sp/AppData/Roaming/TinyTeX/texmf-dist/tex/latex/bookmark/bookmark.sty (c:/Users/shar_sp/AppData/Roaming/TinyTeX/texmf-dist/tex/latex/l3backend/l3backend-pdftex.def) (c:/Users/shar_sp/AppData/Roaming/TinyTeX/texmf-dist/tex/latex/bookmark/bkm-pdftex.def)) (c:/Users/shar_sp/AppData/Roaming/TinyTeX/texmf-dist/tex/latex/breakurl/breakurl.sty (c:/Users/shar_sp/AppData/Roaming/TinyTeX/texmf-dist/tex/latex/xkeyval/xkeyval.sty (c:/Users/shar_sp/AppData/Roaming/TinyTeX/texmf-dist/tex/generic/xkeyval/xkeyval.tex (c:/Users/shar_sp/AppData/Roaming/TinyTeX/texmf-dist/tex/generic/xkeyval/xkvutils.tex))) (c:/Users/shar_sp/AppData/Roaming/TinyTeX/texmf-dist/tex/generic/iftex/ifpdf.sty)

Package breakurl Warning: You are using breakurl while processing via pdflatex.
(breakurl)                \burl will be just a synonym of \url.
(breakurl)                 on input line 48.

) (c:/Users/shar_sp/AppData/Roaming/TinyTeX/texmf-dist/tex/latex/booktabs/booktabs.sty) (c:/Users/shar_sp/AppData/Roaming/TinyTeX/texmf-dist/tex/latex/colortbl/colortbl.sty (c:/Users/shar_sp/AppData/Roaming/TinyTeX/texmf-dist/tex/latex/tools/array.sty) (c:/Users/shar_sp/AppData/Roaming/TinyTeX/texmf-dist/tex/latex/graphics/color.sty (c:/Users/shar_sp/AppData/Roaming/TinyTeX/texmf-dist/tex/latex/graphics-cfg/color.cfg) (c:/Users/shar_sp/AppData/Roaming/TinyTeX/texmf-dist/tex/latex/graphics/mathcolor.ltx))
new hooks used!!
) (c:/Users/shar_sp/AppData/Roaming/TinyTeX/texmf-dist/tex/latex/algorithm2e/algorithm2e.sty (c:/Users/shar_sp/AppData/Roaming/TinyTeX/texmf-dist/tex/latex/base/ifthen.sty) (c:/Users/shar_sp/AppData/Roaming/TinyTeX/texmf-dist/tex/latex/ifoddpage/ifoddpage.sty) (c:/Users/shar_sp/AppData/Roaming/TinyTeX/texmf-dist/tex/latex/tools/xspace.sty) (c:/Users/shar_sp/AppData/Roaming/TinyTeX/texmf-dist/tex/latex/relsize/relsize.sty

Package relsize Warning: Failed to get list of defined font sizes.
(relsize)                Size scaling will attempt arbitrary sizes..

)) (c:/Users/shar_sp/AppData/Roaming/TinyTeX/texmf-dist/tex/latex/tools/calc.sty) (c:/Users/shar_sp/AppData/Roaming/TinyTeX/texmf-dist/tex/generic/soul/soul.sty (c:/Users/shar_sp/AppData/Roaming/TinyTeX/texmf-dist/tex/generic/soul/soul-ori.sty) (c:/Users/shar_sp/AppData/Roaming/TinyTeX/texmf-dist/tex/generic/etexcmds/etexcmds.sty)) (c:/Users/shar_sp/AppData/Roaming/TinyTeX/texmf-dist/tex/latex/epstopdf-pkg/epstopdf.sty (c:/Users/shar_sp/AppData/Roaming/TinyTeX/texmf-dist/tex/latex/grfext/grfext.sty) (c:/Users/shar_sp/AppData/Roaming/TinyTeX/texmf-dist/tex/latex/epstopdf-pkg/epstopdf-base.sty (c:/Users/shar_sp/AppData/Roaming/TinyTeX/texmf-dist/tex/latex/latexconfig/epstopdf-sys.cfg)))

LaTeX Warning: Command `\theenumv' already defined -- not changed on input line 985.


LaTeX Warning: Command `\theenumvi' already defined -- not changed on input line 986.


LaTeX Warning: Command `\theenumvii' already defined -- not changed on input line 987.


LaTeX Warning: Command `\theenumviii' already defined -- not changed on input line 988.


LaTeX Warning: Command `\theenumix' already defined -- not changed on input line 989.


LaTeX Warning: Command `\theenumx' already defined -- not changed on input line 990.

(c:/Users/shar_sp/AppData/Roaming/TinyTeX/texmf-dist/tex/latex/caption/caption.sty (c:/Users/shar_sp/AppData/Roaming/TinyTeX/texmf-dist/tex/latex/caption/caption3.sty)

Package caption Warning: Unknown document class (or package),
(caption)                standard defaults will be used.
See the caption package documentation for explanation.

)

Found the 'amsbsy' package on the system, using it.

(c:/Users/shar_sp/AppData/Roaming/TinyTeX/texmf-dist/tex/latex/amsmath/amsbsy.sty (c:/Users/shar_sp/AppData/Roaming/TinyTeX/texmf-dist/tex/latex/amsmath/amsgen.sty))

Found AMS Euler Roman fonts on the system, but you dont seem to have the
'upmath' package installed. JFM.cls can take advantage of these fonts,
if you use 'upmath' package.



Found AMS Symbol fonts on the system, using the 'amssymb' package.

(c:/Users/shar_sp/AppData/Roaming/TinyTeX/texmf-dist/tex/latex/amsfonts/amssymb.sty (c:/Users/shar_sp/AppData/Roaming/TinyTeX/texmf-dist/tex/latex/amsfonts/amsfonts.sty)) (c:/Users/shar_sp/AppData/Roaming/TinyTeX/texmf-dist/tex/latex/newtx/newtxtext.sty `newtxtext' v1.744, 2024/04/01 Text macros taking advantage of TeXGyre Termes and its extensions (msharpe) (c:/Users/shar_sp/AppData/Roaming/TinyTeX/texmf-dist/tex/latex/xpatch/xpatch.sty (c:/Users/shar_sp/AppData/Roaming/TinyTeX/texmf-dist/tex/latex/l3kernel/expl3.sty) (c:/Users/shar_sp/AppData/Roaming/TinyTeX/texmf-dist/tex/latex/l3packages/xparse/xparse.sty)) (c:/Users/shar_sp/AppData/Roaming/TinyTeX/texmf-dist/tex/latex/xcolor/xcolor.sty (c:/Users/shar_sp/AppData/Roaming/TinyTeX/texmf-dist/tex/latex/graphics-cfg/color.cfg) (c:/Users/shar_sp/AppData/Roaming/TinyTeX/texmf-dist/tex/latex/graphics/mathcolor.ltx)) (c:/Users/shar_sp/AppData/Roaming/TinyTeX/texmf-dist/tex/latex/base/textcomp.sty) (c:/Users/shar_sp/AppData/Roaming/TinyTeX/texmf-dist/tex/generic/xstring/xstring.sty (c:/Users/shar_sp/AppData/Roaming/TinyTeX/texmf-dist/tex/generic/xstring/xstring.tex)) (c:/Users/shar_sp/AppData/Roaming/TinyTeX/texmf-dist/tex/latex/carlisle/scalefnt.sty) (c:/Users/shar_sp/AppData/Roaming/TinyTeX/texmf-dist/tex/generic/kastrup/binhex.tex) (c:/Users/shar_sp/AppData/Roaming/TinyTeX/texmf-dist/tex/latex/fontaxes/fontaxes.sty (c:/Users/shar_sp/AppData/Roaming/TinyTeX/texmf-dist/tex/latex/figureversions/figureversions.sty))) (c:/Users/shar_sp/AppData/Roaming/TinyTeX/texmf-dist/tex/latex/newtx/newtxmath.sty `newtxmath' v1.754, 2024/09/22 Math macros based originally on txfonts (msharpe) (c:/Users/shar_sp/AppData/Roaming/TinyTeX/texmf-dist/tex/latex/amsmath/amsmath.sty
For additional information on amsmath, use the `?' option.
(c:/Users/shar_sp/AppData/Roaming/TinyTeX/texmf-dist/tex/latex/amsmath/amstext.sty) (c:/Users/shar_sp/AppData/Roaming/TinyTeX/texmf-dist/tex/latex/amsmath/amsopn.sty)) (c:/Users/shar_sp/AppData/Roaming/TinyTeX/texmf-dist/tex/latex/oberdiek/centernot.sty) (c:/Users/shar_sp/AppData/Roaming/TinyTeX/texmf-dist/tex/generic/kastrup/binhex.tex)
amsthm NOT loaded
) (c:/Users/shar_sp/AppData/Roaming/TinyTeX/texmf-dist/tex/latex/natbib/natbib.sty)) (c:/Users/shar_sp/AppData/Roaming/TinyTeX/texmf-dist/tex/latex/pgf/frontendlayer/tikz.sty (c:/Users/shar_sp/AppData/Roaming/TinyTeX/texmf-dist/tex/latex/pgf/basiclayer/pgf.sty (c:/Users/shar_sp/AppData/Roaming/TinyTeX/texmf-dist/tex/latex/pgf/utilities/pgfrcs.sty (c:/Users/shar_sp/AppData/Roaming/TinyTeX/texmf-dist/tex/generic/pgf/utilities/pgfutil-common.tex) (c:/Users/shar_sp/AppData/Roaming/TinyTeX/texmf-dist/tex/generic/pgf/utilities/pgfutil-latex.def) (c:/Users/shar_sp/AppData/Roaming/TinyTeX/texmf-dist/tex/generic/pgf/utilities/pgfrcs.code.tex (c:/Users/shar_sp/AppData/Roaming/TinyTeX/texmf-dist/tex/generic/pgf/pgf.revision.tex))) (c:/Users/shar_sp/AppData/Roaming/TinyTeX/texmf-dist/tex/latex/pgf/basiclayer/pgfcore.sty (c:/Users/shar_sp/AppData/Roaming/TinyTeX/texmf-dist/tex/latex/pgf/systemlayer/pgfsys.sty (c:/Users/shar_sp/AppData/Roaming/TinyTeX/texmf-dist/tex/generic/pgf/systemlayer/pgfsys.code.tex (c:/Users/shar_sp/AppData/Roaming/TinyTeX/texmf-dist/tex/generic/pgf/utilities/pgfkeys.code.tex (c:/Users/shar_sp/AppData/Roaming/TinyTeX/texmf-dist/tex/generic/pgf/utilities/pgfkeyslibraryfiltered.code.tex)) (c:/Users/shar_sp/AppData/Roaming/TinyTeX/texmf-dist/tex/generic/pgf/systemlayer/pgf.cfg) (c:/Users/shar_sp/AppData/Roaming/TinyTeX/texmf-dist/tex/generic/pgf/systemlayer/pgfsys-pdftex.def (c:/Users/shar_sp/AppData/Roaming/TinyTeX/texmf-dist/tex/generic/pgf/systemlayer/pgfsys-common-pdf.def))) (c:/Users/shar_sp/AppData/Roaming/TinyTeX/texmf-dist/tex/generic/pgf/systemlayer/pgfsyssoftpath.code.tex) (c:/Users/shar_sp/AppData/Roaming/TinyTeX/texmf-dist/tex/generic/pgf/systemlayer/pgfsysprotocol.code.tex)) (c:/Users/shar_sp/AppData/Roaming/TinyTeX/texmf-dist/tex/generic/pgf/basiclayer/pgfcore.code.tex (c:/Users/shar_sp/AppData/Roaming/TinyTeX/texmf-dist/tex/generic/pgf/math/pgfmath.code.tex (c:/Users/shar_sp/AppData/Roaming/TinyTeX/texmf-dist/tex/generic/pgf/math/pgfmathutil.code.tex) (c:/Users/shar_sp/AppData/Roaming/TinyTeX/texmf-dist/tex/generic/pgf/math/pgfmathparser.code.tex) (c:/Users/shar_sp/AppData/Roaming/TinyTeX/texmf-dist/tex/generic/pgf/math/pgfmathfunctions.code.tex) (c:/Users/shar_sp/AppData/Roaming/TinyTeX/texmf-dist/tex/generic/pgf/math/pgfmathfunctions.basic.code.tex) (c:/Users/shar_sp/AppData/Roaming/TinyTeX/texmf-dist/tex/generic/pgf/math/pgfmathfunctions.trigonometric.code.tex) (c:/Users/shar_sp/AppData/Roaming/TinyTeX/texmf-dist/tex/generic/pgf/math/pgfmathfunctions.random.code.tex) (c:/Users/shar_sp/AppData/Roaming/TinyTeX/texmf-dist/tex/generic/pgf/math/pgfmathfunctions.comparison.code.tex) (c:/Users/shar_sp/AppData/Roaming/TinyTeX/texmf-dist/tex/generic/pgf/math/pgfmathfunctions.base.code.tex) (c:/Users/shar_sp/AppData/Roaming/TinyTeX/texmf-dist/tex/generic/pgf/math/pgfmathfunctions.round.code.tex) (c:/Users/shar_sp/AppData/Roaming/TinyTeX/texmf-dist/tex/generic/pgf/math/pgfmathfunctions.misc.code.tex) (c:/Users/shar_sp/AppData/Roaming/TinyTeX/texmf-dist/tex/generic/pgf/math/pgfmathfunctions.integerarithmetics.code.tex) (c:/Users/shar_sp/AppData/Roaming/TinyTeX/texmf-dist/tex/generic/pgf/math/pgfmathcalc.code.tex) (c:/Users/shar_sp/AppData/Roaming/TinyTeX/texmf-dist/tex/generic/pgf/math/pgfmathfloat.code.tex)) (c:/Users/shar_sp/AppData/Roaming/TinyTeX/texmf-dist/tex/generic/pgf/math/pgfint.code.tex) (c:/Users/shar_sp/AppData/Roaming/TinyTeX/texmf-dist/tex/generic/pgf/basiclayer/pgfcorepoints.code.tex) (c:/Users/shar_sp/AppData/Roaming/TinyTeX/texmf-dist/tex/generic/pgf/basiclayer/pgfcorepathconstruct.code.tex) (c:/Users/shar_sp/AppData/Roaming/TinyTeX/texmf-dist/tex/generic/pgf/basiclayer/pgfcorepathusage.code.tex) (c:/Users/shar_sp/AppData/Roaming/TinyTeX/texmf-dist/tex/generic/pgf/basiclayer/pgfcorescopes.code.tex) (c:/Users/shar_sp/AppData/Roaming/TinyTeX/texmf-dist/tex/generic/pgf/basiclayer/pgfcoregraphicstate.code.tex) (c:/Users/shar_sp/AppData/Roaming/TinyTeX/texmf-dist/tex/generic/pgf/basiclayer/pgfcoretransformations.code.tex) (c:/Users/shar_sp/AppData/Roaming/TinyTeX/texmf-dist/tex/generic/pgf/basiclayer/pgfcorequick.code.tex) (c:/Users/shar_sp/AppData/Roaming/TinyTeX/texmf-dist/tex/generic/pgf/basiclayer/pgfcoreobjects.code.tex) (c:/Users/shar_sp/AppData/Roaming/TinyTeX/texmf-dist/tex/generic/pgf/basiclayer/pgfcorepathprocessing.code.tex) (c:/Users/shar_sp/AppData/Roaming/TinyTeX/texmf-dist/tex/generic/pgf/basiclayer/pgfcorearrows.code.tex) (c:/Users/shar_sp/AppData/Roaming/TinyTeX/texmf-dist/tex/generic/pgf/basiclayer/pgfcoreshade.code.tex) (c:/Users/shar_sp/AppData/Roaming/TinyTeX/texmf-dist/tex/generic/pgf/basiclayer/pgfcoreimage.code.tex) (c:/Users/shar_sp/AppData/Roaming/TinyTeX/texmf-dist/tex/generic/pgf/basiclayer/pgfcoreexternal.code.tex) (c:/Users/shar_sp/AppData/Roaming/TinyTeX/texmf-dist/tex/generic/pgf/basiclayer/pgfcorelayers.code.tex) (c:/Users/shar_sp/AppData/Roaming/TinyTeX/texmf-dist/tex/generic/pgf/basiclayer/pgfcoretransparency.code.tex) (c:/Users/shar_sp/AppData/Roaming/TinyTeX/texmf-dist/tex/generic/pgf/basiclayer/pgfcorepatterns.code.tex) (c:/Users/shar_sp/AppData/Roaming/TinyTeX/texmf-dist/tex/generic/pgf/basiclayer/pgfcorerdf.code.tex))) (c:/Users/shar_sp/AppData/Roaming/TinyTeX/texmf-dist/tex/generic/pgf/modules/pgfmoduleshapes.code.tex) (c:/Users/shar_sp/AppData/Roaming/TinyTeX/texmf-dist/tex/generic/pgf/modules/pgfmoduleplot.code.tex) (c:/Users/shar_sp/AppData/Roaming/TinyTeX/texmf-dist/tex/latex/pgf/compatibility/pgfcomp-version-0-65.sty) (c:/Users/shar_sp/AppData/Roaming/TinyTeX/texmf-dist/tex/latex/pgf/compatibility/pgfcomp-version-1-18.sty)) (c:/Users/shar_sp/AppData/Roaming/TinyTeX/texmf-dist/tex/latex/pgf/utilities/pgffor.sty (c:/Users/shar_sp/AppData/Roaming/TinyTeX/texmf-dist/tex/latex/pgf/utilities/pgfkeys.sty (c:/Users/shar_sp/AppData/Roaming/TinyTeX/texmf-dist/tex/generic/pgf/utilities/pgfkeys.code.tex)) (c:/Users/shar_sp/AppData/Roaming/TinyTeX/texmf-dist/tex/latex/pgf/math/pgfmath.sty (c:/Users/shar_sp/AppData/Roaming/TinyTeX/texmf-dist/tex/generic/pgf/math/pgfmath.code.tex)) (c:/Users/shar_sp/AppData/Roaming/TinyTeX/texmf-dist/tex/generic/pgf/utilities/pgffor.code.tex)) (c:/Users/shar_sp/AppData/Roaming/TinyTeX/texmf-dist/tex/generic/pgf/frontendlayer/tikz/tikz.code.tex (c:/Users/shar_sp/AppData/Roaming/TinyTeX/texmf-dist/tex/generic/pgf/libraries/pgflibraryplothandlers.code.tex) (c:/Users/shar_sp/AppData/Roaming/TinyTeX/texmf-dist/tex/generic/pgf/modules/pgfmodulematrix.code.tex) (c:/Users/shar_sp/AppData/Roaming/TinyTeX/texmf-dist/tex/generic/pgf/frontendlayer/tikz/libraries/tikzlibrarytopaths.code.tex))) (c:/Users/shar_sp/AppData/Roaming/TinyTeX/texmf-dist/tex/generic/pgf/frontendlayer/tikz/libraries/tikzlibrarycalc.code.tex) (c:/Users/shar_sp/AppData/Roaming/TinyTeX/texmf-dist/tex/generic/pgf/libraries/pgflibraryarrows.meta.code.tex) (c:/Users/shar_sp/AppData/Roaming/TinyTeX/texmf-dist/tex/latex/caption/subcaption.sty) (c:/Users/shar_sp/AppData/Roaming/TinyTeX/texmf-dist/tex/latex/newtx/ot1ntxtlf.fd) (manuscript/build/main_v3.aux) (c:/Users/shar_sp/AppData/Roaming/TinyTeX/texmf-dist/tex/latex/newtx/omlntxmi.fd) (c:/Users/shar_sp/AppData/Roaming/TinyTeX/texmf-dist/tex/latex/newtx/untxexa.fd) (c:/Users/shar_sp/AppData/Roaming/TinyTeX/texmf-dist/tex/latex/newtx/lmsntxsy.fd) (c:/Users/shar_sp/AppData/Roaming/TinyTeX/texmf-dist/tex/latex/newtx/lmxntxexx.fd) (c:/Users/shar_sp/AppData/Roaming/TinyTeX/texmf-dist/tex/context/base/mkii/supp-pdf.mkii
[Loading MPS to PDF converter (version 2006.09.02).]
)

Package hyperref Warning: Height of page (\paperheight) is invalid (0.0pt),
(hyperref)                using 11in.

(./lineno-FLM.sty (c:/Users/shar_sp/AppData/Roaming/TinyTeX/texmf-dist/tex/latex/lineno/lineno.sty)) (c:/Users/shar_sp/AppData/Roaming/TinyTeX/texmf-dist/tex/latex/newtx/ot1minntx.fd) (c:/Users/shar_sp/AppData/Roaming/TinyTeX/texmf-dist/tex/latex/amsfonts/umsa.fd) (c:/Users/shar_sp/AppData/Roaming/TinyTeX/texmf-dist/tex/latex/amsfonts/umsb.fd) (c:/Users/shar_sp/AppData/Roaming/TinyTeX/texmf-dist/tex/latex/newtx/untxmia.fd) (c:/Users/shar_sp/AppData/Roaming/TinyTeX/texmf-dist/tex/latex/newtx/untxsym.fd) (c:/Users/shar_sp/AppData/Roaming/TinyTeX/texmf-dist/tex/latex/newtx/untxsyc.fd)
Underfull \vbox (badness 10000) has occurred while \output is active
Underfull \vbox (badness 10000) has occurred while \output is active
Underfull \hbox (badness 10000) has occurred while \output is active


Overfull \hbox (1.0pt too wide) has occurred while \output is active
[]

Overfull \vbox (34.02812pt too high) has occurred while \output is active

Package xcolor Warning: Incompatible color definition on input line 114.

[1{c:/Users/shar_sp/AppData/Roaming/TinyTeX/texmf-var/fonts/map/pdftex/updmap/pdftex.map}{c:/Users/shar_sp/AppData/Roaming/TinyTeX/texmf-dist/fonts/enc/dvips/newtx/ntx-ot1-tlf.enc}
Non-PDF special ignored!
<special> papersize=174mm,247mm
]
Overfull \hbox (1.61096pt too wide) has occurred while \output is active
[] 
[2] (c:/Users/shar_sp/AppData/Roaming/TinyTeX/texmf-dist/tex/latex/newtx/ts1ntxtlf.fd) [3{c:/Users/shar_sp/AppData/Roaming/TinyTeX/texmf-dist/fonts/enc/dvips/tex-gyre/q-ts1.enc}]

Package xcolor Warning: Incompatible color definition on input line 339.

[4] (c:/Users/shar_sp/AppData/Roaming/TinyTeX/texmf-dist/tex/latex/tex-gyre/ot1qhv.fd) [5{c:/Users/shar_sp/AppData/Roaming/TinyTeX/texmf-dist/fonts/enc/dvips/tex-gyre/q-rm.enc}]
Overfull \hbox (1.61096pt too wide) has occurred while \output is active
[] 
[6] [7]
Overfull \hbox (1.61096pt too wide) has occurred while \output is active
[] 
[8]
Underfull \vbox (badness 3058) has occurred while \output is active
Underfull \vbox (badness 3058) has occurred while \output is active [9]

Package xcolor Warning: Incompatible color definition on input line 838.

[10] [11]
Overfull \hbox (1.61096pt too wide) has occurred while \output is active
[] 
[12 <./Figures/fig_rdt_components.pdf>] [13 <./Figures/fig_upwash_amplification.pdf>]
Overfull \hbox (1.61096pt too wide) has occurred while \output is active
[] 
[14 <./Figures/fig_level1a.pdf>]
Underfull \vbox (badness 2213) has occurred while \output is active
Underfull \vbox (badness 2213) has occurred while \output is active [15 <./Figures/fig_LR_plane.pdf>]
Overfull \hbox (1.61096pt too wide) has occurred while \output is active
[] 
[16 <./Figures/fig_LR_axisym.pdf>] [17 <./Figures/fig_LR_b11_closure.pdf>]
Overfull \hbox (1.61096pt too wide) has occurred while \output is active
[] 
[18 <./Figures/fig_rdt_projection.pdf>] [19 <./Figures/fig_spec_kinematic.pdf>]
Underfull \vbox (badness 1565) has occurred while \output is active
Underfull \vbox (badness 1565) has occurred while \output is active
Overfull \hbox (1.61096pt too wide) has occurred while \output is active
[] 
[20 <./Figures/fig_spec_bvc.pdf>] [21 <./Figures/fig_spec_op.pdf>]
Overfull \hbox (1.61096pt too wide) has occurred while \output is active
[] 
[22] [23 <./Figures/fig_threeway.pdf>]
Overfull \hbox (1.61096pt too wide) has occurred while \output is active
[] 
[24 <./Figures/fig_rdt_distance.pdf>]
Overfull \hbox (0.50798pt too wide) in paragraph at lines 1738--1750
\OT1/minntx/m/n/10.74011 the one-dimensional spec-tra ob-tained by in-te-grat-ing $\OML/ntxmi/m/it/10.74011 ^^H[]$ \OT1/minntx/m/n/10.74011 over the two un-re-solved wavenum-
[25]
Overfull \hbox (14.10033pt too wide) in paragraph at lines 1784--1788
[]\OT1/minntx/m/n/10.74011 Under A1 the an-gu-lar in-te-gral in [] can be car-ried out. Writ-ing $[] \U/ntxmia/m/it/10.74011 = \LMS/ntxsy/m/n/10.74011 ¹\OML/ntxmi/m/it/10.74011 ^^T[] [] ^^R;  ^^T[];  ^^T[] [] ^^R\LMS/ntxsy/m/n/10.74011 º$

Overfull \hbox (1.61096pt too wide) has occurred while \output is active
[] 
[26] [27]
Underfull \vbox (badness 1264) has occurred while \output is active
Underfull \vbox (badness 1264) has occurred while \output is active
Overfull \hbox (1.61096pt too wide) has occurred while \output is active
[] 
[28] [29 <./Figures/fig_a1_control.pdf>]
Overfull \hbox (1.61096pt too wide) has occurred while \output is active
[] 
[30 <./Figures/fig_pi_kernels.pdf>] [31]
Overfull \hbox (1.61096pt too wide) has occurred while \output is active
[] 
[32] [33]
Overfull \hbox (20.32889pt too wide) in paragraph at lines 2357--2382
\OT1/minntx/m/n/10.74011 anisotropy per wavenum-ber band---the ob-serv-able on which \TS1/ntxtlf/m/n/10.74011 §[][]\OT1/minntx/m/n/10.74011 4.6.1[][] es-tab-lished the benchmark---

Overfull \hbox (1.61096pt too wide) has occurred while \output is active
[] 
[34 <./Figures/fig_clock.pdf>] [35 <./Figures/fig_fourway5.pdf>]
Overfull \hbox (1.61096pt too wide) has occurred while \output is active
[] 
[36 <./Figures/fig_lenoise.pdf>] [37 <./Figures/fig_amiet_abs.pdf>]
Overfull \hbox (1.61096pt too wide) has occurred while \output is active
[] 
[38 <./Figures/fig_expval_paper.pdf>] [39 <./Figures/fig_amiet_rapid.pdf>]
Underfull \vbox (badness 1014) has occurred while \output is active
Underfull \vbox (badness 1014) has occurred while \output is active
Overfull \hbox (1.61096pt too wide) has occurred while \output is active
[] 
[40]
pdfTeX warning (ext4): destination with the same identifier (name{section.1}) has been already used, duplicate ignored
<to be read again> 
                   \relax 
l.2760 ...n{The forward map and the bound kernels}
                                                  \label{app:forward} [41]
Overfull \hbox (1.61096pt too wide) has occurred while \output is active
[] 
[42]
pdfTeX warning (ext4): destination with the same identifier (name{section.2}) has been already used, duplicate ignored
<to be read again> 
                   \relax 
l.2967 ...ters, initial conditions and statistics}
                                                  
pdfTeX warning (ext4): destination with the same identifier (name{subsection.2.1}) has been already used, duplicate ignored
<to be read again> 
                   \relax 
l.2972 \subsection{ODT configurations}
                                      
pdfTeX warning (ext4): destination with the same identifier (name{subsection.2.2}) has been already used, duplicate ignored
<to be read again> 
                   \relax 
l.2994 ...rained-box DNS and exact-RDT companions}
                                                  
pdfTeX warning (ext4): destination with the same identifier (name{subsection.2.3}) has been already used, duplicate ignored
<to be read again> 
                   \relax 
l.3019 \subsection{Statistics policy}
                                      [43] (manuscript/build/main_v3.bbl
Overfull \hbox (1.61096pt too wide) has occurred while \output is active
[] 
[44{c:/Users/shar_sp/AppData/Roaming/TinyTeX/texmf-dist/fonts/enc/dvips/newtx/ntx-ot1-tlf-pc.enc}]) [45] (manuscript/build/main_v3.aux)

LaTeX Warning: Label(s) may have changed. Rerun to get cross-references right.

 )
(see the transcript file for additional information)<c:/Users/shar_sp/AppData/Roaming/TinyTeX/texmf-dist/fonts/type1/public/newtx/NewTXBMI.pfb><c:/Users/shar_sp/AppData/Roaming/TinyTeX/texmf-dist/fonts/type1/public/newtx/NewTXMI.pfb><c:/Users/shar_sp/AppData/Roaming/TinyTeX/texmf-dist/fonts/type1/public/newtx/NewTXMI7.pfb><c:/Users/shar_sp/AppData/Roaming/TinyTeX/texmf-dist/fonts/type1/public/tex-gyre/qhvr.pfb><c:/Users/shar_sp/AppData/Roaming/TinyTeX/texmf-dist/fonts/type1/public/tex-gyre/qtmr.pfb><c:/Users/shar_sp/AppData/Roaming/TinyTeX/texmf-dist/fonts/type1/public/newtx/txexas.pfb><c:/Users/shar_sp/AppData/Roaming/TinyTeX/texmf-dist/fonts/type1/public/newtx/txexs.pfb><c:/Users/shar_sp/AppData/Roaming/TinyTeX/texmf-dist/fonts/type1/public/newtx/txmiaX.pfb><c:/Users/shar_sp/AppData/Roaming/TinyTeX/texmf-dist/fonts/type1/public/newtx/txsym.pfb><c:/Users/shar_sp/AppData/Roaming/TinyTeX/texmf-dist/fonts/type1/public/newtx/txsys.pfb><c:/Users/shar_sp/AppData/Roaming/TinyTeX/texmf-dist/fonts/type1/public/newtx/ztmb.pfb><c:/Users/shar_sp/AppData/Roaming/TinyTeX/texmf-dist/fonts/type1/public/newtx/ztmr.pfb><c:/Users/shar_sp/AppData/Roaming/TinyTeX/texmf-dist/fonts/type1/public/newtx/ztmri.pfb>
Output written on manuscript/build/main_v3.pdf (45 pages, 877200 bytes).
Transcript written on manuscript/build/main_v3.log.
Latexmk: Getting log file 'manuscript/build/main_v3.log'
Latexmk: Examining 'manuscript/build/main_v3.fls'
Latexmk: Examining 'manuscript/build/main_v3.log'
Latexmk: Found input bbl file 'manuscript/build/main_v3.bbl'
Latexmk: References changed.
Latexmk: Log file says output to 'manuscript/build/main_v3.pdf'
Latexmk: Using bibtex to make bibliography file(s).
  ===Source file 'manuscript/build/main_v3.bbl' for 'pdflatex'
Latexmk: Found bibliography file(s):
  ./jfm.bib
Latexmk: applying rule 'bibtex manuscript/build/main_v3'...
Rule 'bibtex manuscript/build/main_v3':  Reasons for rerun
Changed files or newly in use/created:
  manuscript/build/main_v3.aux

------------
Run number 3 of rule 'bibtex manuscript/build/main_v3'
------------
====== ENV{BIBINPUTS} changed to 'C:/Users/shar_sp/Documents/GitHub/ODT-RDT/manuscript;manuscript/build;C:\Users\shar_sp\Documents\GitHub\ODT-RDT\manuscript\manuscript\build;'
Latexmk: Change directory to 'manuscript/build/'.
To assist finding of files in document directory, I set
  BIBINPUTS='C:/Users/shar_sp/Documents/GitHub/ODT-RDT/manuscript;manuscript/build;C:\Users\shar_sp\Documents\GitHub\ODT-RDT\manuscript\manuscript\build;'
  BSTINPUTS='C:/Users/shar_sp/Documents/GitHub/ODT-RDT/manuscript;'.
------------
Running 'bibtex  "main_v3.aux"'
------------
This is BibTeX, Version 0.99e (TeX Live 2026)
The top-level auxiliary file: main_v3.aux
The style file: jfm.bst
Database file #1: jfm.bib
Warning--there's a number but no volume in MillsCorrsin1959
(There was 1 warning)
Latexmk: Change directory back to 'C:/Users/shar_sp/Documents/GitHub/ODT-RDT/manuscript'
Latexmk: applying rule 'pdflatex'...
Rule 'pdflatex':  Reasons for rerun
Changed files or newly in use/created:
  manuscript/build/main_v3.aux

------------
Run number 4 of rule 'pdflatex'
------------
------------
Running 'pdflatex  -interaction=nonstopmode -recorder -output-directory="manuscript/build"  "main_v3.tex"'
------------
This is pdfTeX, Version 3.141592653-2.6-1.40.29 (TeX Live 2026) (preloaded format=pdflatex)
 restricted \write18 enabled.
entering extended mode
(./main_v3.tex
LaTeX2e <2026-06-01>
L3 programming layer <2026-07-20>
(./JFM-FLM_Au.cls

LaTeX Warning: You have requested document class `JFM-FLM_Au',
               but the document class provides `jfm'.

Document Class: jfm 2006/11/13 v1.27 Journal of Fluid Mechanics document class
(c:/Users/shar_sp/AppData/Roaming/TinyTeX/texmf-dist/tex/latex/graphics/graphicx.sty (c:/Users/shar_sp/AppData/Roaming/TinyTeX/texmf-dist/tex/latex/graphics/keyval.sty) (c:/Users/shar_sp/AppData/Roaming/TinyTeX/texmf-dist/tex/latex/graphics/graphics.sty (c:/Users/shar_sp/AppData/Roaming/TinyTeX/texmf-dist/tex/latex/graphics/trig.sty) (c:/Users/shar_sp/AppData/Roaming/TinyTeX/texmf-dist/tex/latex/graphics-cfg/graphics.cfg) (c:/Users/shar_sp/AppData/Roaming/TinyTeX/texmf-dist/tex/latex/graphics-def/pdftex.def))) (c:/Users/shar_sp/AppData/Roaming/TinyTeX/texmf-dist/tex/latex/hyperref/hyperref.sty (c:/Users/shar_sp/AppData/Roaming/TinyTeX/texmf-dist/tex/generic/iftex/iftex.sty) (c:/Users/shar_sp/AppData/Roaming/TinyTeX/texmf-dist/tex/latex/kvsetkeys/kvsetkeys.sty) (c:/Users/shar_sp/AppData/Roaming/TinyTeX/texmf-dist/tex/generic/kvdefinekeys/kvdefinekeys.sty) (c:/Users/shar_sp/AppData/Roaming/TinyTeX/texmf-dist/tex/generic/pdfescape/pdfescape.sty (c:/Users/shar_sp/AppData/Roaming/TinyTeX/texmf-dist/tex/generic/ltxcmds/ltxcmds.sty) (c:/Users/shar_sp/AppData/Roaming/TinyTeX/texmf-dist/tex/generic/pdftexcmds/pdftexcmds.sty (c:/Users/shar_sp/AppData/Roaming/TinyTeX/texmf-dist/tex/generic/infwarerr/infwarerr.sty))) (c:/Users/shar_sp/AppData/Roaming/TinyTeX/texmf-dist/tex/latex/hycolor/hycolor.sty) (c:/Users/shar_sp/AppData/Roaming/TinyTeX/texmf-dist/tex/latex/hyperref/nameref.sty (c:/Users/shar_sp/AppData/Roaming/TinyTeX/texmf-dist/tex/latex/refcount/refcount.sty) (c:/Users/shar_sp/AppData/Roaming/TinyTeX/texmf-dist/tex/generic/gettitlestring/gettitlestring.sty (c:/Users/shar_sp/AppData/Roaming/TinyTeX/texmf-dist/tex/latex/kvoptions/kvoptions.sty))) (c:/Users/shar_sp/AppData/Roaming/TinyTeX/texmf-dist/tex/latex/etoolbox/etoolbox.sty) (c:/Users/shar_sp/AppData/Roaming/TinyTeX/texmf-dist/tex/generic/stringenc/stringenc.sty) (c:/Users/shar_sp/AppData/Roaming/TinyTeX/texmf-dist/tex/latex/hyperref/pd1enc.def) (c:/Users/shar_sp/AppData/Roaming/TinyTeX/texmf-dist/tex/generic/intcalc/intcalc.sty) (c:/Users/shar_sp/AppData/Roaming/TinyTeX/texmf-dist/tex/latex/hyperref/puenc.def) (c:/Users/shar_sp/AppData/Roaming/TinyTeX/texmf-dist/tex/latex/url/url.sty) (c:/Users/shar_sp/AppData/Roaming/TinyTeX/texmf-dist/tex/generic/bitset/bitset.sty (c:/Users/shar_sp/AppData/Roaming/TinyTeX/texmf-dist/tex/generic/bigintcalc/bigintcalc.sty))

Package hyperref Warning: Option `pdfpagelabels' is turned off
(hyperref)                because \thepage is undefined.

) (c:/Users/shar_sp/AppData/Roaming/TinyTeX/texmf-dist/tex/latex/hyperref/hpdftex.def (c:/Users/shar_sp/AppData/Roaming/TinyTeX/texmf-dist/tex/latex/rerunfilecheck/rerunfilecheck.sty (c:/Users/shar_sp/AppData/Roaming/TinyTeX/texmf-dist/tex/generic/uniquecounter/uniquecounter.sty))) (c:/Users/shar_sp/AppData/Roaming/TinyTeX/texmf-dist/tex/latex/bookmark/bookmark.sty (c:/Users/shar_sp/AppData/Roaming/TinyTeX/texmf-dist/tex/latex/l3backend/l3backend-pdftex.def) (c:/Users/shar_sp/AppData/Roaming/TinyTeX/texmf-dist/tex/latex/bookmark/bkm-pdftex.def)) (c:/Users/shar_sp/AppData/Roaming/TinyTeX/texmf-dist/tex/latex/breakurl/breakurl.sty (c:/Users/shar_sp/AppData/Roaming/TinyTeX/texmf-dist/tex/latex/xkeyval/xkeyval.sty (c:/Users/shar_sp/AppData/Roaming/TinyTeX/texmf-dist/tex/generic/xkeyval/xkeyval.tex (c:/Users/shar_sp/AppData/Roaming/TinyTeX/texmf-dist/tex/generic/xkeyval/xkvutils.tex))) (c:/Users/shar_sp/AppData/Roaming/TinyTeX/texmf-dist/tex/generic/iftex/ifpdf.sty)

Package breakurl Warning: You are using breakurl while processing via pdflatex.
(breakurl)                \burl will be just a synonym of \url.
(breakurl)                 on input line 48.

) (c:/Users/shar_sp/AppData/Roaming/TinyTeX/texmf-dist/tex/latex/booktabs/booktabs.sty) (c:/Users/shar_sp/AppData/Roaming/TinyTeX/texmf-dist/tex/latex/colortbl/colortbl.sty (c:/Users/shar_sp/AppData/Roaming/TinyTeX/texmf-dist/tex/latex/tools/array.sty) (c:/Users/shar_sp/AppData/Roaming/TinyTeX/texmf-dist/tex/latex/graphics/color.sty (c:/Users/shar_sp/AppData/Roaming/TinyTeX/texmf-dist/tex/latex/graphics-cfg/color.cfg) (c:/Users/shar_sp/AppData/Roaming/TinyTeX/texmf-dist/tex/latex/graphics/mathcolor.ltx))
new hooks used!!
) (c:/Users/shar_sp/AppData/Roaming/TinyTeX/texmf-dist/tex/latex/algorithm2e/algorithm2e.sty (c:/Users/shar_sp/AppData/Roaming/TinyTeX/texmf-dist/tex/latex/base/ifthen.sty) (c:/Users/shar_sp/AppData/Roaming/TinyTeX/texmf-dist/tex/latex/ifoddpage/ifoddpage.sty) (c:/Users/shar_sp/AppData/Roaming/TinyTeX/texmf-dist/tex/latex/tools/xspace.sty) (c:/Users/shar_sp/AppData/Roaming/TinyTeX/texmf-dist/tex/latex/relsize/relsize.sty

Package relsize Warning: Failed to get list of defined font sizes.
(relsize)                Size scaling will attempt arbitrary sizes..

)) (c:/Users/shar_sp/AppData/Roaming/TinyTeX/texmf-dist/tex/latex/tools/calc.sty) (c:/Users/shar_sp/AppData/Roaming/TinyTeX/texmf-dist/tex/generic/soul/soul.sty (c:/Users/shar_sp/AppData/Roaming/TinyTeX/texmf-dist/tex/generic/soul/soul-ori.sty) (c:/Users/shar_sp/AppData/Roaming/TinyTeX/texmf-dist/tex/generic/etexcmds/etexcmds.sty)) (c:/Users/shar_sp/AppData/Roaming/TinyTeX/texmf-dist/tex/latex/epstopdf-pkg/epstopdf.sty (c:/Users/shar_sp/AppData/Roaming/TinyTeX/texmf-dist/tex/latex/grfext/grfext.sty) (c:/Users/shar_sp/AppData/Roaming/TinyTeX/texmf-dist/tex/latex/epstopdf-pkg/epstopdf-base.sty (c:/Users/shar_sp/AppData/Roaming/TinyTeX/texmf-dist/tex/latex/latexconfig/epstopdf-sys.cfg)))

LaTeX Warning: Command `\theenumv' already defined -- not changed on input line 985.


LaTeX Warning: Command `\theenumvi' already defined -- not changed on input line 986.


LaTeX Warning: Command `\theenumvii' already defined -- not changed on input line 987.


LaTeX Warning: Command `\theenumviii' already defined -- not changed on input line 988.


LaTeX Warning: Command `\theenumix' already defined -- not changed on input line 989.


LaTeX Warning: Command `\theenumx' already defined -- not changed on input line 990.

(c:/Users/shar_sp/AppData/Roaming/TinyTeX/texmf-dist/tex/latex/caption/caption.sty (c:/Users/shar_sp/AppData/Roaming/TinyTeX/texmf-dist/tex/latex/caption/caption3.sty)

Package caption Warning: Unknown document class (or package),
(caption)                standard defaults will be used.
See the caption package documentation for explanation.

)

Found the 'amsbsy' package on the system, using it.

(c:/Users/shar_sp/AppData/Roaming/TinyTeX/texmf-dist/tex/latex/amsmath/amsbsy.sty (c:/Users/shar_sp/AppData/Roaming/TinyTeX/texmf-dist/tex/latex/amsmath/amsgen.sty))

Found AMS Euler Roman fonts on the system, but you dont seem to have the
'upmath' package installed. JFM.cls can take advantage of these fonts,
if you use 'upmath' package.



Found AMS Symbol fonts on the system, using the 'amssymb' package.

(c:/Users/shar_sp/AppData/Roaming/TinyTeX/texmf-dist/tex/latex/amsfonts/amssymb.sty (c:/Users/shar_sp/AppData/Roaming/TinyTeX/texmf-dist/tex/latex/amsfonts/amsfonts.sty)) (c:/Users/shar_sp/AppData/Roaming/TinyTeX/texmf-dist/tex/latex/newtx/newtxtext.sty `newtxtext' v1.744, 2024/04/01 Text macros taking advantage of TeXGyre Termes and its extensions (msharpe) (c:/Users/shar_sp/AppData/Roaming/TinyTeX/texmf-dist/tex/latex/xpatch/xpatch.sty (c:/Users/shar_sp/AppData/Roaming/TinyTeX/texmf-dist/tex/latex/l3kernel/expl3.sty) (c:/Users/shar_sp/AppData/Roaming/TinyTeX/texmf-dist/tex/latex/l3packages/xparse/xparse.sty)) (c:/Users/shar_sp/AppData/Roaming/TinyTeX/texmf-dist/tex/latex/xcolor/xcolor.sty (c:/Users/shar_sp/AppData/Roaming/TinyTeX/texmf-dist/tex/latex/graphics-cfg/color.cfg) (c:/Users/shar_sp/AppData/Roaming/TinyTeX/texmf-dist/tex/latex/graphics/mathcolor.ltx)) (c:/Users/shar_sp/AppData/Roaming/TinyTeX/texmf-dist/tex/latex/base/textcomp.sty) (c:/Users/shar_sp/AppData/Roaming/TinyTeX/texmf-dist/tex/generic/xstring/xstring.sty (c:/Users/shar_sp/AppData/Roaming/TinyTeX/texmf-dist/tex/generic/xstring/xstring.tex)) (c:/Users/shar_sp/AppData/Roaming/TinyTeX/texmf-dist/tex/latex/carlisle/scalefnt.sty) (c:/Users/shar_sp/AppData/Roaming/TinyTeX/texmf-dist/tex/generic/kastrup/binhex.tex) (c:/Users/shar_sp/AppData/Roaming/TinyTeX/texmf-dist/tex/latex/fontaxes/fontaxes.sty (c:/Users/shar_sp/AppData/Roaming/TinyTeX/texmf-dist/tex/latex/figureversions/figureversions.sty))) (c:/Users/shar_sp/AppData/Roaming/TinyTeX/texmf-dist/tex/latex/newtx/newtxmath.sty `newtxmath' v1.754, 2024/09/22 Math macros based originally on txfonts (msharpe) (c:/Users/shar_sp/AppData/Roaming/TinyTeX/texmf-dist/tex/latex/amsmath/amsmath.sty
For additional information on amsmath, use the `?' option.
(c:/Users/shar_sp/AppData/Roaming/TinyTeX/texmf-dist/tex/latex/amsmath/amstext.sty) (c:/Users/shar_sp/AppData/Roaming/TinyTeX/texmf-dist/tex/latex/amsmath/amsopn.sty)) (c:/Users/shar_sp/AppData/Roaming/TinyTeX/texmf-dist/tex/latex/oberdiek/centernot.sty) (c:/Users/shar_sp/AppData/Roaming/TinyTeX/texmf-dist/tex/generic/kastrup/binhex.tex)
amsthm NOT loaded
) (c:/Users/shar_sp/AppData/Roaming/TinyTeX/texmf-dist/tex/latex/natbib/natbib.sty)) (c:/Users/shar_sp/AppData/Roaming/TinyTeX/texmf-dist/tex/latex/pgf/frontendlayer/tikz.sty (c:/Users/shar_sp/AppData/Roaming/TinyTeX/texmf-dist/tex/latex/pgf/basiclayer/pgf.sty (c:/Users/shar_sp/AppData/Roaming/TinyTeX/texmf-dist/tex/latex/pgf/utilities/pgfrcs.sty (c:/Users/shar_sp/AppData/Roaming/TinyTeX/texmf-dist/tex/generic/pgf/utilities/pgfutil-common.tex) (c:/Users/shar_sp/AppData/Roaming/TinyTeX/texmf-dist/tex/generic/pgf/utilities/pgfutil-latex.def) (c:/Users/shar_sp/AppData/Roaming/TinyTeX/texmf-dist/tex/generic/pgf/utilities/pgfrcs.code.tex (c:/Users/shar_sp/AppData/Roaming/TinyTeX/texmf-dist/tex/generic/pgf/pgf.revision.tex))) (c:/Users/shar_sp/AppData/Roaming/TinyTeX/texmf-dist/tex/latex/pgf/basiclayer/pgfcore.sty (c:/Users/shar_sp/AppData/Roaming/TinyTeX/texmf-dist/tex/latex/pgf/systemlayer/pgfsys.sty (c:/Users/shar_sp/AppData/Roaming/TinyTeX/texmf-dist/tex/generic/pgf/systemlayer/pgfsys.code.tex (c:/Users/shar_sp/AppData/Roaming/TinyTeX/texmf-dist/tex/generic/pgf/utilities/pgfkeys.code.tex (c:/Users/shar_sp/AppData/Roaming/TinyTeX/texmf-dist/tex/generic/pgf/utilities/pgfkeyslibraryfiltered.code.tex)) (c:/Users/shar_sp/AppData/Roaming/TinyTeX/texmf-dist/tex/generic/pgf/systemlayer/pgf.cfg) (c:/Users/shar_sp/AppData/Roaming/TinyTeX/texmf-dist/tex/generic/pgf/systemlayer/pgfsys-pdftex.def (c:/Users/shar_sp/AppData/Roaming/TinyTeX/texmf-dist/tex/generic/pgf/systemlayer/pgfsys-common-pdf.def))) (c:/Users/shar_sp/AppData/Roaming/TinyTeX/texmf-dist/tex/generic/pgf/systemlayer/pgfsyssoftpath.code.tex) (c:/Users/shar_sp/AppData/Roaming/TinyTeX/texmf-dist/tex/generic/pgf/systemlayer/pgfsysprotocol.code.tex)) (c:/Users/shar_sp/AppData/Roaming/TinyTeX/texmf-dist/tex/generic/pgf/basiclayer/pgfcore.code.tex (c:/Users/shar_sp/AppData/Roaming/TinyTeX/texmf-dist/tex/generic/pgf/math/pgfmath.code.tex (c:/Users/shar_sp/AppData/Roaming/TinyTeX/texmf-dist/tex/generic/pgf/math/pgfmathutil.code.tex) (c:/Users/shar_sp/AppData/Roaming/TinyTeX/texmf-dist/tex/generic/pgf/math/pgfmathparser.code.tex) (c:/Users/shar_sp/AppData/Roaming/TinyTeX/texmf-dist/tex/generic/pgf/math/pgfmathfunctions.code.tex) (c:/Users/shar_sp/AppData/Roaming/TinyTeX/texmf-dist/tex/generic/pgf/math/pgfmathfunctions.basic.code.tex) (c:/Users/shar_sp/AppData/Roaming/TinyTeX/texmf-dist/tex/generic/pgf/math/pgfmathfunctions.trigonometric.code.tex) (c:/Users/shar_sp/AppData/Roaming/TinyTeX/texmf-dist/tex/generic/pgf/math/pgfmathfunctions.random.code.tex) (c:/Users/shar_sp/AppData/Roaming/TinyTeX/texmf-dist/tex/generic/pgf/math/pgfmathfunctions.comparison.code.tex) (c:/Users/shar_sp/AppData/Roaming/TinyTeX/texmf-dist/tex/generic/pgf/math/pgfmathfunctions.base.code.tex) (c:/Users/shar_sp/AppData/Roaming/TinyTeX/texmf-dist/tex/generic/pgf/math/pgfmathfunctions.round.code.tex) (c:/Users/shar_sp/AppData/Roaming/TinyTeX/texmf-dist/tex/generic/pgf/math/pgfmathfunctions.misc.code.tex) (c:/Users/shar_sp/AppData/Roaming/TinyTeX/texmf-dist/tex/generic/pgf/math/pgfmathfunctions.integerarithmetics.code.tex) (c:/Users/shar_sp/AppData/Roaming/TinyTeX/texmf-dist/tex/generic/pgf/math/pgfmathcalc.code.tex) (c:/Users/shar_sp/AppData/Roaming/TinyTeX/texmf-dist/tex/generic/pgf/math/pgfmathfloat.code.tex)) (c:/Users/shar_sp/AppData/Roaming/TinyTeX/texmf-dist/tex/generic/pgf/math/pgfint.code.tex) (c:/Users/shar_sp/AppData/Roaming/TinyTeX/texmf-dist/tex/generic/pgf/basiclayer/pgfcorepoints.code.tex) (c:/Users/shar_sp/AppData/Roaming/TinyTeX/texmf-dist/tex/generic/pgf/basiclayer/pgfcorepathconstruct.code.tex) (c:/Users/shar_sp/AppData/Roaming/TinyTeX/texmf-dist/tex/generic/pgf/basiclayer/pgfcorepathusage.code.tex) (c:/Users/shar_sp/AppData/Roaming/TinyTeX/texmf-dist/tex/generic/pgf/basiclayer/pgfcorescopes.code.tex) (c:/Users/shar_sp/AppData/Roaming/TinyTeX/texmf-dist/tex/generic/pgf/basiclayer/pgfcoregraphicstate.code.tex) (c:/Users/shar_sp/AppData/Roaming/TinyTeX/texmf-dist/tex/generic/pgf/basiclayer/pgfcoretransformations.code.tex) (c:/Users/shar_sp/AppData/Roaming/TinyTeX/texmf-dist/tex/generic/pgf/basiclayer/pgfcorequick.code.tex) (c:/Users/shar_sp/AppData/Roaming/TinyTeX/texmf-dist/tex/generic/pgf/basiclayer/pgfcoreobjects.code.tex) (c:/Users/shar_sp/AppData/Roaming/TinyTeX/texmf-dist/tex/generic/pgf/basiclayer/pgfcorepathprocessing.code.tex) (c:/Users/shar_sp/AppData/Roaming/TinyTeX/texmf-dist/tex/generic/pgf/basiclayer/pgfcorearrows.code.tex) (c:/Users/shar_sp/AppData/Roaming/TinyTeX/texmf-dist/tex/generic/pgf/basiclayer/pgfcoreshade.code.tex) (c:/Users/shar_sp/AppData/Roaming/TinyTeX/texmf-dist/tex/generic/pgf/basiclayer/pgfcoreimage.code.tex) (c:/Users/shar_sp/AppData/Roaming/TinyTeX/texmf-dist/tex/generic/pgf/basiclayer/pgfcoreexternal.code.tex) (c:/Users/shar_sp/AppData/Roaming/TinyTeX/texmf-dist/tex/generic/pgf/basiclayer/pgfcorelayers.code.tex) (c:/Users/shar_sp/AppData/Roaming/TinyTeX/texmf-dist/tex/generic/pgf/basiclayer/pgfcoretransparency.code.tex) (c:/Users/shar_sp/AppData/Roaming/TinyTeX/texmf-dist/tex/generic/pgf/basiclayer/pgfcorepatterns.code.tex) (c:/Users/shar_sp/AppData/Roaming/TinyTeX/texmf-dist/tex/generic/pgf/basiclayer/pgfcorerdf.code.tex))) (c:/Users/shar_sp/AppData/Roaming/TinyTeX/texmf-dist/tex/generic/pgf/modules/pgfmoduleshapes.code.tex) (c:/Users/shar_sp/AppData/Roaming/TinyTeX/texmf-dist/tex/generic/pgf/modules/pgfmoduleplot.code.tex) (c:/Users/shar_sp/AppData/Roaming/TinyTeX/texmf-dist/tex/latex/pgf/compatibility/pgfcomp-version-0-65.sty) (c:/Users/shar_sp/AppData/Roaming/TinyTeX/texmf-dist/tex/latex/pgf/compatibility/pgfcomp-version-1-18.sty)) (c:/Users/shar_sp/AppData/Roaming/TinyTeX/texmf-dist/tex/latex/pgf/utilities/pgffor.sty (c:/Users/shar_sp/AppData/Roaming/TinyTeX/texmf-dist/tex/latex/pgf/utilities/pgfkeys.sty (c:/Users/shar_sp/AppData/Roaming/TinyTeX/texmf-dist/tex/generic/pgf/utilities/pgfkeys.code.tex)) (c:/Users/shar_sp/AppData/Roaming/TinyTeX/texmf-dist/tex/latex/pgf/math/pgfmath.sty (c:/Users/shar_sp/AppData/Roaming/TinyTeX/texmf-dist/tex/generic/pgf/math/pgfmath.code.tex)) (c:/Users/shar_sp/AppData/Roaming/TinyTeX/texmf-dist/tex/generic/pgf/utilities/pgffor.code.tex)) (c:/Users/shar_sp/AppData/Roaming/TinyTeX/texmf-dist/tex/generic/pgf/frontendlayer/tikz/tikz.code.tex (c:/Users/shar_sp/AppData/Roaming/TinyTeX/texmf-dist/tex/generic/pgf/libraries/pgflibraryplothandlers.code.tex) (c:/Users/shar_sp/AppData/Roaming/TinyTeX/texmf-dist/tex/generic/pgf/modules/pgfmodulematrix.code.tex) (c:/Users/shar_sp/AppData/Roaming/TinyTeX/texmf-dist/tex/generic/pgf/frontendlayer/tikz/libraries/tikzlibrarytopaths.code.tex))) (c:/Users/shar_sp/AppData/Roaming/TinyTeX/texmf-dist/tex/generic/pgf/frontendlayer/tikz/libraries/tikzlibrarycalc.code.tex) (c:/Users/shar_sp/AppData/Roaming/TinyTeX/texmf-dist/tex/generic/pgf/libraries/pgflibraryarrows.meta.code.tex) (c:/Users/shar_sp/AppData/Roaming/TinyTeX/texmf-dist/tex/latex/caption/subcaption.sty) (c:/Users/shar_sp/AppData/Roaming/TinyTeX/texmf-dist/tex/latex/newtx/ot1ntxtlf.fd) (manuscript/build/main_v3.aux) (c:/Users/shar_sp/AppData/Roaming/TinyTeX/texmf-dist/tex/latex/newtx/omlntxmi.fd) (c:/Users/shar_sp/AppData/Roaming/TinyTeX/texmf-dist/tex/latex/newtx/untxexa.fd) (c:/Users/shar_sp/AppData/Roaming/TinyTeX/texmf-dist/tex/latex/newtx/lmsntxsy.fd) (c:/Users/shar_sp/AppData/Roaming/TinyTeX/texmf-dist/tex/latex/newtx/lmxntxexx.fd) (c:/Users/shar_sp/AppData/Roaming/TinyTeX/texmf-dist/tex/context/base/mkii/supp-pdf.mkii
[Loading MPS to PDF converter (version 2006.09.02).]
)

Package hyperref Warning: Height of page (\paperheight) is invalid (0.0pt),
(hyperref)                using 11in.

(./lineno-FLM.sty (c:/Users/shar_sp/AppData/Roaming/TinyTeX/texmf-dist/tex/latex/lineno/lineno.sty)) (c:/Users/shar_sp/AppData/Roaming/TinyTeX/texmf-dist/tex/latex/newtx/ot1minntx.fd) (c:/Users/shar_sp/AppData/Roaming/TinyTeX/texmf-dist/tex/latex/amsfonts/umsa.fd) (c:/Users/shar_sp/AppData/Roaming/TinyTeX/texmf-dist/tex/latex/amsfonts/umsb.fd) (c:/Users/shar_sp/AppData/Roaming/TinyTeX/texmf-dist/tex/latex/newtx/untxmia.fd) (c:/Users/shar_sp/AppData/Roaming/TinyTeX/texmf-dist/tex/latex/newtx/untxsym.fd) (c:/Users/shar_sp/AppData/Roaming/TinyTeX/texmf-dist/tex/latex/newtx/untxsyc.fd)
Underfull \vbox (badness 10000) has occurred while \output is active
Underfull \vbox (badness 10000) has occurred while \output is active
Underfull \hbox (badness 10000) has occurred while \output is active


Overfull \hbox (1.0pt too wide) has occurred while \output is active
[]

Overfull \vbox (34.02812pt too high) has occurred while \output is active

Package xcolor Warning: Incompatible color definition on input line 114.

[1{c:/Users/shar_sp/AppData/Roaming/TinyTeX/texmf-var/fonts/map/pdftex/updmap/pdftex.map}{c:/Users/shar_sp/AppData/Roaming/TinyTeX/texmf-dist/fonts/enc/dvips/newtx/ntx-ot1-tlf.enc}
Non-PDF special ignored!
<special> papersize=174mm,247mm
]
Overfull \hbox (1.61096pt too wide) has occurred while \output is active
[] 
[2] (c:/Users/shar_sp/AppData/Roaming/TinyTeX/texmf-dist/tex/latex/newtx/ts1ntxtlf.fd) [3{c:/Users/shar_sp/AppData/Roaming/TinyTeX/texmf-dist/fonts/enc/dvips/tex-gyre/q-ts1.enc}]

Package xcolor Warning: Incompatible color definition on input line 339.

[4] (c:/Users/shar_sp/AppData/Roaming/TinyTeX/texmf-dist/tex/latex/tex-gyre/ot1qhv.fd) [5{c:/Users/shar_sp/AppData/Roaming/TinyTeX/texmf-dist/fonts/enc/dvips/tex-gyre/q-rm.enc}]
Overfull \hbox (1.61096pt too wide) has occurred while \output is active
[] 
[6] [7]
Overfull \hbox (1.61096pt too wide) has occurred while \output is active
[] 
[8]
Underfull \vbox (badness 3058) has occurred while \output is active
Underfull \vbox (badness 3058) has occurred while \output is active [9]

Package xcolor Warning: Incompatible color definition on input line 838.

[10] [11]
Overfull \hbox (1.61096pt too wide) has occurred while \output is active
[] 
[12 <./Figures/fig_rdt_components.pdf>] [13 <./Figures/fig_upwash_amplification.pdf>]
Overfull \hbox (1.61096pt too wide) has occurred while \output is active
[] 
[14 <./Figures/fig_level1a.pdf>]
Underfull \vbox (badness 2213) has occurred while \output is active
Underfull \vbox (badness 2213) has occurred while \output is active [15 <./Figures/fig_LR_plane.pdf>]
Overfull \hbox (1.61096pt too wide) has occurred while \output is active
[] 
[16 <./Figures/fig_LR_axisym.pdf>] [17 <./Figures/fig_LR_b11_closure.pdf>]
Overfull \hbox (1.61096pt too wide) has occurred while \output is active
[] 
[18 <./Figures/fig_rdt_projection.pdf>] [19 <./Figures/fig_spec_kinematic.pdf>]
Underfull \vbox (badness 1565) has occurred while \output is active
Underfull \vbox (badness 1565) has occurred while \output is active
Overfull \hbox (1.61096pt too wide) has occurred while \output is active
[] 
[20 <./Figures/fig_spec_bvc.pdf>] [21 <./Figures/fig_spec_op.pdf>]
Overfull \hbox (1.61096pt too wide) has occurred while \output is active
[] 
[22] [23 <./Figures/fig_threeway.pdf>]
Overfull \hbox (1.61096pt too wide) has occurred while \output is active
[] 
[24 <./Figures/fig_rdt_distance.pdf>]
Overfull \hbox (0.50798pt too wide) in paragraph at lines 1738--1750
\OT1/minntx/m/n/10.74011 the one-dimensional spec-tra ob-tained by in-te-grat-ing $\OML/ntxmi/m/it/10.74011 ^^H[]$ \OT1/minntx/m/n/10.74011 over the two un-re-solved wavenum-
[25]
Overfull \hbox (14.10033pt too wide) in paragraph at lines 1784--1788
[]\OT1/minntx/m/n/10.74011 Under A1 the an-gu-lar in-te-gral in [] can be car-ried out. Writ-ing $[] \U/ntxmia/m/it/10.74011 = \LMS/ntxsy/m/n/10.74011 ¹\OML/ntxmi/m/it/10.74011 ^^T[] [] ^^R;  ^^T[];  ^^T[] [] ^^R\LMS/ntxsy/m/n/10.74011 º$

Overfull \hbox (1.61096pt too wide) has occurred while \output is active
[] 
[26] [27]
Underfull \vbox (badness 1264) has occurred while \output is active
Underfull \vbox (badness 1264) has occurred while \output is active
Overfull \hbox (1.61096pt too wide) has occurred while \output is active
[] 
[28] [29 <./Figures/fig_a1_control.pdf>]
Overfull \hbox (1.61096pt too wide) has occurred while \output is active
[] 
[30 <./Figures/fig_pi_kernels.pdf>] [31]
Overfull \hbox (1.61096pt too wide) has occurred while \output is active
[] 
[32] [33]
Overfull \hbox (20.32889pt too wide) in paragraph at lines 2357--2382
\OT1/minntx/m/n/10.74011 anisotropy per wavenum-ber band---the ob-serv-able on which \TS1/ntxtlf/m/n/10.74011 §[][]\OT1/minntx/m/n/10.74011 4.6.1[][] es-tab-lished the benchmark---

Overfull \hbox (1.61096pt too wide) has occurred while \output is active
[] 
[34 <./Figures/fig_clock.pdf>] [35 <./Figures/fig_fourway5.pdf>]
Overfull \hbox (1.61096pt too wide) has occurred while \output is active
[] 
[36 <./Figures/fig_lenoise.pdf>] [37 <./Figures/fig_amiet_abs.pdf>]
Overfull \hbox (1.61096pt too wide) has occurred while \output is active
[] 
[38 <./Figures/fig_expval_paper.pdf>] [39 <./Figures/fig_amiet_rapid.pdf>]
Underfull \vbox (badness 1014) has occurred while \output is active
Underfull \vbox (badness 1014) has occurred while \output is active
Overfull \hbox (1.61096pt too wide) has occurred while \output is active
[] 
[40]
pdfTeX warning (ext4): destination with the same identifier (name{section.1}) has been already used, duplicate ignored
<to be read again> 
                   \relax 
l.2760 ...n{The forward map and the bound kernels}
                                                  \label{app:forward} [41]
Overfull \hbox (1.61096pt too wide) has occurred while \output is active
[] 
[42]
pdfTeX warning (ext4): destination with the same identifier (name{section.2}) has been already used, duplicate ignored
<to be read again> 
                   \relax 
l.2967 ...ters, initial conditions and statistics}
                                                  
pdfTeX warning (ext4): destination with the same identifier (name{subsection.2.1}) has been already used, duplicate ignored
<to be read again> 
                   \relax 
l.2972 \subsection{ODT configurations}
                                      
pdfTeX warning (ext4): destination with the same identifier (name{subsection.2.2}) has been already used, duplicate ignored
<to be read again> 
                   \relax 
l.2994 ...rained-box DNS and exact-RDT companions}
                                                  
pdfTeX warning (ext4): destination with the same identifier (name{subsection.2.3}) has been already used, duplicate ignored
<to be read again> 
                   \relax 
l.3019 \subsection{Statistics policy}
                                      [43] (manuscript/build/main_v3.bbl
Overfull \hbox (1.61096pt too wide) has occurred while \output is active
[] 
[44{c:/Users/shar_sp/AppData/Roaming/TinyTeX/texmf-dist/fonts/enc/dvips/newtx/ntx-ot1-tlf-pc.enc}]) [45] (manuscript/build/main_v3.aux) )
(see the transcript file for additional information)<c:/Users/shar_sp/AppData/Roaming/TinyTeX/texmf-dist/fonts/type1/public/newtx/NewTXBMI.pfb><c:/Users/shar_sp/AppData/Roaming/TinyTeX/texmf-dist/fonts/type1/public/newtx/NewTXMI.pfb><c:/Users/shar_sp/AppData/Roaming/TinyTeX/texmf-dist/fonts/type1/public/newtx/NewTXMI7.pfb><c:/Users/shar_sp/AppData/Roaming/TinyTeX/texmf-dist/fonts/type1/public/tex-gyre/qhvr.pfb><c:/Users/shar_sp/AppData/Roaming/TinyTeX/texmf-dist/fonts/type1/public/tex-gyre/qtmr.pfb><c:/Users/shar_sp/AppData/Roaming/TinyTeX/texmf-dist/fonts/type1/public/newtx/txexas.pfb><c:/Users/shar_sp/AppData/Roaming/TinyTeX/texmf-dist/fonts/type1/public/newtx/txexs.pfb><c:/Users/shar_sp/AppData/Roaming/TinyTeX/texmf-dist/fonts/type1/public/newtx/txmiaX.pfb><c:/Users/shar_sp/AppData/Roaming/TinyTeX/texmf-dist/fonts/type1/public/newtx/txsym.pfb><c:/Users/shar_sp/AppData/Roaming/TinyTeX/texmf-dist/fonts/type1/public/newtx/txsys.pfb><c:/Users/shar_sp/AppData/Roaming/TinyTeX/texmf-dist/fonts/type1/public/newtx/ztmb.pfb><c:/Users/shar_sp/AppData/Roaming/TinyTeX/texmf-dist/fonts/type1/public/newtx/ztmr.pfb><c:/Users/shar_sp/AppData/Roaming/TinyTeX/texmf-dist/fonts/type1/public/newtx/ztmri.pfb>
Output written on manuscript/build/main_v3.pdf (45 pages, 877200 bytes).
Transcript written on manuscript/build/main_v3.log.
Latexmk: Getting log file 'manuscript/build/main_v3.log'
Latexmk: Examining 'manuscript/build/main_v3.fls'
Latexmk: Examining 'manuscript/build/main_v3.log'
Latexmk: Found input bbl file 'manuscript/build/main_v3.bbl'
Latexmk: Log file says output to 'manuscript/build/main_v3.pdf'
Latexmk: Using bibtex to make bibliography file(s).
  ===Source file 'manuscript/build/main_v3.bbl' for 'pdflatex'
Latexmk: Found bibliography file(s):
  ./jfm.bib
Latexmk: All targets (manuscript/build/main_v3.pdf) are up-to-date
Latexmk: Undoing directory change

Reverting Windows console CPs to (in,out) = (850,850)
